dateTime,,id,date,text,hashtags,replyCount,retweetCount,likeCount,userName,userFollowerCount,userFavCount,userFriendCount,dateTime,textLength
1,13692201,1377597361925488640,2021-04-01 12:23:00+00:00,goldman sachs is close to offering bitcoin and other digital assets to its wealth management clients,,0.0,0.0,3.0,GaltsGirl,42468.0,6916.0,5183.0,2021-04-01 12:23:00+00:00,100
1,8744272,1399561775612313600,2021-06-01 03:01:44+00:00,exchanges could fix that if they stop pairing $btc with all the other coins. pair should be made with stable coins only. exchanges has the power to change it. crypto needs to get rid of this dinosaur we call bitcoin.,,0.0,0.0,2.0,Jason39336330,926.0,44338.0,1053.0,2021-06-01 03:01:44+00:00,216
1,4082689,1421767398122692612,2021-08-01 09:38:57+00:00,$btc head and shoulder on the 1 hour chart,,1.0,0.0,0.0,5Mu5hy,7.0,115.0,103.0,2021-08-01 09:38:57+00:00,42
1,15922826,1366210853754859520,2021-03-01 02:17:05+00:00,"newsflash, anytime bitcoin is purchased its being sold by someone",,0.0,0.0,0.0,ayyylmaobruhhh,337.0,177136.0,845.0,2021-03-01 02:17:05+00:00,65
1,15885194,1366406691860844545,2021-03-01 15:15:16+00:00,hurry! 2.70% intra-loop arbitrage in . the maximum profit you can earn due to difference in price between usdt market and btc market in is 9091.50inr.,"['ENJ', 'CoinDCX', 'crypto', 'arbitrage', 'koinknight']",0.0,0.0,0.0,KoinKnight,2188.0,49.0,101.0,2021-03-01 15:15:16+00:00,150
1,15886657,1366402159970054146,2021-03-01 14:57:16+00:00,&amp; on my website,"['surprise', 'linkedin', 'twitter', 'facebook', 'instagram', 'tiktok', 'socialmedia', 'pinterest', 'medium', 'deal', 'gift', 'gifts', 'giftideas', 'shop', 'shopping', 'affiliatemarketing', 'bitcoin', 'deals', 'discounts']",0.0,0.0,0.0,bmurphypointman,74218.0,24.0,18110.0,2021-03-01 14:57:16+00:00,19
1,18198863,1356217636846071811,2021-02-01 12:27:36+00:00,cryptoware is a cryptocurrency investment site that accepts btc eth bch ltc dash dogecoin they just increased the profit from 2.4 to 3.6 % everyday! the site is good i hope it lasts long !,,0.0,0.0,1.0,raisa8866,1191.0,210.0,1846.0,2021-02-01 12:27:36+00:00,188
1,13707822,1377517881592741888,2021-04-01 07:07:10+00:00,"tesla can be bought with hoping we'd be able to buy this car with crypto too. speaking of cryptocurrency, earn a free share of 4k $trb tokens on","['Bitcoin', 'LATOKEN']",0.0,0.0,0.0,Oxopoxo1,155.0,700.0,787.0,2021-04-01 07:07:10+00:00,144
1,2144863,1433072119655501829,2021-09-01 14:19:53+00:00,"malaysia blockchain month (mbm2021) 1 sept 2021, wed 5pm myt calvin chu (impossible finance) facebook : bitcoin malaysia group (since 2012) blocklime youtube channel",['mbm2021'],1.0,0.0,0.0,btcmyofficial,361.0,1527.0,198.0,2021-09-01 14:19:53+00:00,165
1,11696660,1388344734385573889,2021-05-01 04:09:13+00:00,for overstock deals: featured stores at,"['affiliatemarketing', 'linkedin', 'twitter', 'facebook', 'instagram', 'tiktok', 'socialmedia', 'pinterest', 'dogecoin', 'deal', 'gift', 'gifts', 'giftideas', 'shop', 'shopping', 'affiliatemarketing', 'bitcoin', 'amazon', 'Onlineshopping']",0.0,0.0,0.0,brettmurphynet,298.0,33.0,299.0,2021-05-01 04:09:13+00:00,39
2,2055560,1433496745477017608,2021-09-02 18:27:11+00:00,"is for everybody, just representing my community ‚úäüèæ",['Bitcoin'],1.0,0.0,6.0,bitcoinzay,55914.0,38634.0,5407.0,2021-09-02 18:27:11+00:00,51
2,15824655,1366710702803718154,2021-03-02 11:23:18+00:00,most adopted blockchain? do you mean bitcoin? thought you‚Äôd be using terra üßê,,0.0,0.0,0.0,bubblybull,42.0,527.0,196.0,2021-03-02 11:23:18+00:00,76
2,13613940,1377995569755516929,2021-04-02 14:45:20+00:00,shop &amp;,"['linkedin', 'twitter', 'facebook', 'instagram', 'tiktok', 'birthdaygift', 'socialmedia', 'pinterest', 'medium', 'reddit', 'gift', 'gifts', 'giftideas', 'shop', 'shopping', 'affiliatemarketing', 'bitcoin', 'gifts', 'baskets']",0.0,0.0,0.0,bmurphypointman,74059.0,24.0,17923.0,2021-04-02 14:45:20+00:00,10
2,18122944,1356676139779981312,2021-02-02 18:49:32+00:00,"i made my cash off bitcoin, so i dont care. i guess you should focus on making your ends meet ü§ü",,0.0,0.0,1.0,psugop,1.0,24.0,26.0,2021-02-02 18:49:32+00:00,95
2,18110006,1356748184027095052,2021-02-02 23:35:48+00:00,there is an intersection here with btc maxis and vc zealots.,,1.0,0.0,0.0,Eddyfication,319.0,5591.0,1040.0,2021-02-02 23:35:48+00:00,60
2,18111360,1356739035910275073,2021-02-02 22:59:27+00:00,it was nice having an actual day off work to day trade with a normal market now that the $gme saga is coming to an end. shorted $bbby based off key levels and $gme movement. longed $mara and $riot for $2/share as bitcoin looks to be curling for the next leg up,,1.0,0.0,2.0,blueslideMARKKK,374.0,2202.0,335.0,2021-02-02 22:59:27+00:00,260
2,15822824,1366720174083231744,2021-03-02 12:00:56+00:00,max keiser says bitcoin could rise 300x,,0.0,0.0,0.0,DailyInformer,6245.0,3490.0,723.0,2021-03-02 12:00:56+00:00,39
2,8632650,1400137652792266754,2021-06-02 17:10:04+00:00,is going to be a better position in the future.ü§© &amp; will go to the moon very soon.üöÄüöÄ best wishes for all teams.üòáüòá,"['ShikokuInu', 'Airdrop', 'SHIKOKU', 'cryptocurrency', 'Crypto', 'Bitcoin', 'Ethereum', 'ETH', 'Airdrop', 'bounty', 'BSC', 'ShikokuInu', 'SHIKOKU']",0.0,0.0,0.0,SalmaBe15524397,190.0,22717.0,2423.0,2021-06-02 17:10:04+00:00,116
2,2098088,1433310304616779776,2021-09-02 06:06:20+00:00,"donald trump has been bashing bitcoin becuase he is scared, like peter schiff is to gold, bitcoin will replace real estate as a store of value next. via /r/bitcoin",,0.0,0.0,0.0,btc_fan,247.0,5.0,5.0,2021-09-02 06:06:20+00:00,163
2,5984763,1410984383889166338,2021-07-02 15:31:06+00:00,"baby ape now on 2,500 holders and rising .","['bape', 'bsc', 'pancakeswap', 'bitcoin', 'binance', 'bnb']",6.0,10.0,18.0,cryptowave93,13148.0,2381.0,13.0,2021-07-02 15:31:06+00:00,42
3,3942147,1422608994867159043,2021-08-03 17:23:09+00:00,in this project for a long time. i like everything. very interesting and promising project. i am glad that there is such an opportunity to participate in it.,"['presale', 'blockchain', 'cryptotrading', 'investing', 'cryptocurrency', 'bitcoin', 'trading', 'altcoin', 'cryptonews']",0.0,0.0,0.0,Kingkon121212,1536.0,2058.0,2468.0,2021-08-03 17:23:09+00:00,157
3,8560312,1400521727382372354,2021-06-03 18:36:14+00:00,the very rare hard neeple sign. bout to moon mofos.,['Bitcoin'],1.0,3.0,50.0,GoingParabolic,151588.0,211727.0,508.0,2021-06-03 18:36:14+00:00,51
3,11528676,1389306030111199232,2021-05-03 19:49:04+00:00,i've just predicted the future of ! you should too :) use my reference code esttunq to signup at,"['Bitcoin', 'SwissBorg', 'CHSB']",0.0,0.0,0.0,Valdior,16.0,184.0,93.0,2021-05-03 19:49:04+00:00,96
3,13580845,1378186735008514053,2021-04-03 03:24:57+00:00,in bitcoin we trust cryptocurrency crypto trader adult cloth face mask via,"['dogecoin', 'wallstreetbets', 'stocks', 'crypto', 'diamondhands', 'stonks', 'currency', 'invest']",0.0,1.0,0.0,heymrarnold,691.0,315.0,1614.0,2021-04-03 03:24:57+00:00,74
3,5919805,1411371808058757123,2021-07-03 17:10:35+00:00,why still some people think crypto is trash and it has no usecase? bad education or? i can't wait to see them talk about crypto in 5 years üòÇ,"['BTC', 'bitcoins', 'Binance', 'bnb', 'cryptocurrency', 'Crypto']",13.0,4.0,30.0,TrueGemHunter,50404.0,2845.0,8773.0,2021-07-03 17:10:35+00:00,140
3,5957080,1411147159378939905,2021-07-03 02:17:55+00:00,"exactly, with such vague parameters i would just poll all max keiser's friends and write an article saying bitcoin is going to a $1 million by end of the year üòÇüòÇ",,0.0,0.0,0.0,Diamond_hands29,62.0,5250.0,471.0,2021-07-03 02:17:55+00:00,161
3,11575380,1389076251814494208,2021-05-03 04:36:00+00:00,wish i bought bitcoin nung 2011 tangina,,0.0,0.0,0.0,Yamixalln,663.0,6033.0,789.0,2021-05-03 04:36:00+00:00,39
3,8579609,1400437528222584838,2021-06-03 13:01:40+00:00,"twitter list: live: the $40,000 hurdle and unveiling a new nft series. of , ''s and join first mover on :",['bitcoin'],0.0,0.0,0.0,bitcoinpartyall,79.0,0.0,2.0,2021-06-03 13:01:40+00:00,105
3,18065662,1357024208468008962,2021-02-03 17:52:38+00:00,"""since our time is money, when money is printed our time is stolen."" h/t ross stevens",,8.0,53.0,274.0,BitcoinTina,63613.0,22838.0,2793.0,2021-02-03 17:52:38+00:00,85
3,8578617,1400441562572595203,2021-06-03 13:17:42+00:00,gimme $btc,,0.0,0.0,1.0,MilkyTan333,44.0,475.0,359.0,2021-06-03 13:17:42+00:00,10
4,18021581,1357285169670012928,2021-02-04 11:09:36+00:00,"doge skyrockets to about 80% as elon musk tweet once again in addition to being a well-respected entrepreneur, visionary, and engineer, elon musk is known for‚Ä¶","['bitcoin', 'blockchain', 'ethereum', 'eos', 'btc', 'bitcoinusa', 'bitcointrading']",0.0,1.0,1.0,light_blocks,779.0,600.0,93.0,2021-02-04 11:09:36+00:00,159
4,8471296,1400841423440723979,2021-06-04 15:46:36+00:00,bitcoin wins everyday,,0.0,0.0,3.0,RolandStautz,8241.0,77667.0,877.0,2021-06-04 15:46:36+00:00,21
4,5887106,1411611994231382016,2021-07-04 09:05:00+00:00,"i see your point. and i have argued that before with myself but inevitably i always conclude that btc is the safest, more secure and trustworthy crypto for store of value. it has little utility yes but that‚Äôs the point. it doesn‚Äôt have a central figure to attack (satoshi), etc.",,1.0,0.0,0.0,medivici1,1.0,76.0,8.0,2021-07-04 09:05:00+00:00,278
4,1954720,1434018389631062018,2021-09-04 05:00:01+00:00,bitcoin blocks delay in last weeek,"['BTC', 'bitcoin', 'R', 'ggplot2']",0.0,0.0,0.0,tulipan81,1845.0,10744.0,1728.0,2021-09-04 05:00:01+00:00,34
4,1958178,1433991247606136836,2021-09-04 03:12:10+00:00,"incredible project ü§© i am happy to be one of the participants of this incredible activity friends, thank youü§úü§õ tg: 0x5eff65bb3d1de400e14c79dee23a494e12c65bae","['BNB', 'BTC', 'CristianoRonaldo', 'BSCGems', 'fairlaunch']",0.0,0.0,0.0,DewiFor46974858,32.0,1326.0,540.0,2021-09-04 03:12:10+00:00,157
4,11445770,1389693834754461698,2021-05-04 21:30:04+00:00,how and where to buy connectome (cntm) $connectome $cntm,"['Connectome', 'CNTM', 'bitcoin', 'btc', 'crypto', 'cryptocurrencies', 'cryptobuyingtips', 'blockchain', 'coin', 'coinbase', 'binance', 'cryptotrading']",1.0,0.0,0.0,crypto_buy_tips,1219.0,86.0,619.0,2021-05-04 21:30:04+00:00,56
4,11485358,1389552162347356160,2021-05-04 12:07:06+00:00,"not really arguing either way here too early for that. just gently pushing back on the ""bitcoin has ossified"" narrative... things are moving forward and getting added and you will be able to build more interesting stuff going forward and good for ethereum for pushing the envelope",,0.0,0.0,0.0,RyanTheGentry,9311.0,25159.0,1285.0,2021-05-04 12:07:06+00:00,280
4,17999827,1357397909407485963,2021-02-04 18:37:35+00:00,"fomo will be hard on $dextf, give it a couple days till the ct‚Äôs research gem. anything under $1 is blessed. ü•≥ü•≥ü•≥",,0.0,0.0,1.0,GainsWithGlory,2849.0,300.0,164.0,2021-02-04 18:37:35+00:00,112
4,13510624,1378706433315901444,2021-04-04 13:50:03+00:00,"[Íú©] daily $xtz [Íú©] „Ää„Ää binance „Äã„Äã ¬´ $btc ¬ª a:0.0000870 l:0.0000826 h:0.0000898 %:-2.03 ¬´ $usd ¬ª a:$5.05 l:$4.66 h:$5.32 %:-4.30 market cap: $3,815,276,966 24h volume: $111,376,179",['Tezos'],0.0,1.0,0.0,bakednet,504.0,1.0,23.0,2021-04-04 13:50:03+00:00,178
4,15691156,1367432423718363137,2021-03-04 11:11:10+00:00,microstrategy has an office in hangzhou. lmao.,"['bitcoin', 'Êù≠Â∑û']",0.0,0.0,1.0,vonhulewicz,105.0,9974.0,660.0,2021-03-04 11:11:10+00:00,46
5,8387562,1401183104501489669,2021-06-05 14:24:19+00:00,"‚Äúbitcoin 2021 - day 2! come say hi at the swan dome! ü¶¢üî•üöÄüíØüéØ‚Äù with , , , and caf√© bitcoin. today, jun 5 at 10:05 am edt on !",,2.0,1.0,4.0,jason_vtf,5304.0,12404.0,434.0,2021-06-05 14:24:19+00:00,122
5,8376398,1401218922486157316,2021-06-05 16:46:39+00:00,ok. so your looking left at history and on macro time frames in comparison to btc (ratio),,1.0,0.0,0.0,STS_Trainers,54.0,3778.0,469.0,2021-06-05 16:46:39+00:00,89
5,11431268,1389770143153233920,2021-05-05 02:33:17+00:00,"both are looking similar, bullish",['BTC'],1.0,1.0,1.0,its_meprince_,9.0,132.0,20.0,2021-05-05 02:33:17+00:00,33
5,11399209,1389938021886218249,2021-05-05 13:40:22+00:00,fiat money makes people sell their time to get money. makes poeple sell their money to get time.,['Bitcoin'],0.0,1.0,3.0,JohnKim22231699,25.0,1799.0,78.0,2021-05-05 13:40:22+00:00,96
5,8365697,1401253001457659904,2021-06-05 19:02:04+00:00,ü§ìü§îüëç $btc alpha impact brings professional trading,"['knownews', 'bitcoin', 'bnb', 'CryptoCurrency', 'eth', 'ethereum']",0.0,0.0,0.0,DerekTMcKinney,10389.0,2030.0,693.0,2021-06-05 19:02:04+00:00,49
5,17917596,1357829474004434947,2021-02-05 23:12:28+00:00,"earn 6.2% on &lt; 2.5 and 8.6% on $usd stablecoins flex option to have all interest paid to one i.e. value of total interest grows with asset and üëâ value based on price when earned üëà in 2020, my taxed interest was 50% less than current value üòé","['BTC', 'BTC', 'crypto', 'Tax']",0.0,0.0,0.0,odrapmas,121.0,2528.0,104.0,2021-02-05 23:12:28+00:00,243
5,13472710,1378991669702352897,2021-04-05 08:43:29+00:00,"tesla can be bought with hoping we'd be able to buy this car with crypto too. speaking of cryptocurrency, earn a free share of 4k $trb tokens on","['Bitcoin', 'LATOKEN']",0.0,0.0,1.0,gondezkoe,94.0,1025.0,135.0,2021-04-05 08:43:29+00:00,144
5,8396161,1401154580985962500,2021-06-05 12:30:58+00:00,promises freedom from our fiat slavemasters doesn't promise us a comfy retirement,"['Bitcoin', 'Bitcoin']",0.0,0.0,0.0,0x1952msk,543.0,8304.0,1307.0,2021-06-05 12:30:58+00:00,81
5,11418025,1389848483847344128,2021-05-05 07:44:35+00:00,what kind of casino isn‚Äôt open 24/7 these days?,"['bitcoin', 'doge']",0.0,2.0,2.0,DavidPrice199,82.0,241.0,301.0,2021-05-05 07:44:35+00:00,47
5,13469565,1379012522804658177,2021-04-05 10:06:20+00:00,‚Äú... joining efforts by other central banks that are aiming to match the innovation in the field achieved by the private sector.‚Äù the real innovation is that a global decentralized currency was achieved in the private sector. ‚Äúcentral‚Äù banks can never ‚Äúmatch‚Äù that.,['Bitcoin'],0.0,0.0,0.0,jimyoung2817,400.0,19888.0,985.0,2021-04-05 10:06:20+00:00,265
6,8323786,1401383429212545025,2021-06-06 03:40:20+00:00,"seriously, you got hundreds of celebs talking about btc, nfts, and crypto, but the numbers talking about link, you can count on ur hands",,1.0,0.0,5.0,Chainlank,1522.0,60787.0,578.0,2021-06-06 03:40:20+00:00,136
6,15570944,1368140413526302722,2021-03-06 10:04:28+00:00,u might make money from bitcoin but ur still a virgin,,0.0,0.0,0.0,antocamz,37.0,703.0,30.0,2021-03-06 10:04:28+00:00,53
6,1827202,1434787060213235712,2021-09-06 07:54:26+00:00,if you have never had an account closed on you.. you don't fully understand the power of yet on a practical and especially emotional level...,['bitcoin'],0.0,0.0,0.0,bitcoinistheway,242.0,2998.0,1476.0,2021-09-06 07:54:26+00:00,141
6,13395649,1379440183930667011,2021-04-06 14:25:43+00:00,every fcking time!! when links pumps then btc dumps!!now you guys know why link is not going up well anymore! they need to keep this token price down to sell it!who is dumping btc? sn=sn got it!!,,0.0,0.0,1.0,BurcinTanrisev1,22.0,1016.0,79.0,2021-04-06 14:25:43+00:00,195
6,8263006,1401595656377012228,2021-06-06 17:43:39+00:00,i believe this is a faithful project.the projector has a lot of attractions so hopefully the project will be better in the future and will be the best. i love it,"['Airdrops', 'Bitcoin', 'BSC', 'AirdropDetective', 'DuiCoin', 'BNB', 'BSC']",0.0,0.0,0.0,Dulalsopno2,55.0,519.0,515.0,2021-06-06 17:43:39+00:00,161
6,8295079,1401496732299628545,2021-06-06 11:10:34+00:00,‚Äúthis is something that you will never understand because you were born into the stolen wealth of a south african apartheid emerald mine and have no clue what struggle is like for most of the working people in the world‚Ä¶,"['bitcoin', 'ElonMusk']",0.0,0.0,0.0,BobbySeale14,4.0,378.0,141.0,2021-06-06 11:10:34+00:00,220
6,11350588,1390152896784699393,2021-05-06 03:54:13+00:00,"btw i love the people who called me a bag holder on $70, $750, .011 sometimes the bag fills up my guy...","['BTC', 'ETH', 'doge']",2.0,0.0,1.0,JohnMil95050206,55.0,1306.0,224.0,2021-05-06 03:54:13+00:00,104
6,8269500,1401576780532752390,2021-06-06 16:28:39+00:00,btc is always ready. the question is whether humanity is ready.,,0.0,0.0,0.0,21millionman,211.0,1703.0,270.0,2021-06-06 16:28:39+00:00,63
6,8336241,1401331947692044289,2021-06-06 00:15:46+00:00,"hello, here is your unroll: i fully believe is the greatest invention in human history.‚Ä¶ talk to you soon. ü§ñ",['bitcoin'],0.0,0.0,0.0,threadreaderapp,511435.0,2203.0,1283.0,2021-06-06 00:15:46+00:00,108
6,1813411,1434856126059778048,2021-09-06 12:28:53+00:00,"it's all about making money that can be used for actual real transactions. the spiralling value means that only people who have significant additional regular currency benefit from that growth. a hypothetical actual stable currency would be nice, but bitcoin isn't that either.",,1.0,0.0,0.0,Linkstrikesback,114.0,914.0,183.0,2021-09-06 12:28:53+00:00,277
7,17786022,1358563924698951682,2021-02-07 23:50:55+00:00,cops can‚Äôt access $60m in seized bitcoin‚Äîfraudster won‚Äôt give password,,0.0,0.0,0.0,YesICanStayFit,33.0,20.0,16.0,2021-02-07 23:50:55+00:00,70
7,17808320,1358451848567529472,2021-02-07 16:25:34+00:00,"after years of being in you must have learned how important capped supply is, but apparently you haven't.",['Bitcoin'],0.0,0.0,1.0,thespacehodl,89.0,2194.0,224.0,2021-02-07 16:25:34+00:00,105
7,8132923,1402041137683210240,2021-06-07 23:13:50+00:00,nice‚Ä¶any merchant that sold something for bitcoin today just took a bath!,,0.0,1.0,6.0,liberalpuppy,15482.0,22012.0,13841.0,2021-06-07 23:13:50+00:00,73
7,13311835,1379900231244996608,2021-04-07 20:53:47+00:00,crypto updates üì¢ after our signal on telegram. all targets reached üî• for more signals join now for freeüëá,"['AKRO', 'cryptocurrency', 'cryptosignals', 'bitcoin', 'btc', 'eth', 'ethereum', 'nft', 'defi', 'binance', 'coinbase', 'dot', 'bnb', 'usdtry', 'altcoins']",0.0,0.0,2.0,stocksignalz,1733.0,54.0,33.0,2021-04-07 20:53:47+00:00,104
7,11257508,1390638675466231808,2021-05-07 12:04:31+00:00,a very smart project brings us excitement to always follow. i believe this project will work and succeed because this project is with a great team,"['BinanceSmartChain', 'MKT', 'BSC', 'BNB', 'Bitcoin', 'PancakeSwap', 'CryptoGem']",1.0,0.0,0.0,boogieboogle1,7.0,66.0,75.0,2021-05-07 12:04:31+00:00,146
7,3717593,1423992713507127297,2021-08-07 13:01:34+00:00,like a lot of ppl a few years ago that are now thinking about the millions they would of had. the very same ppl that missed the train are now missing the $eth train üöÇ they always say i wish i had a chance at again to which i say u do it‚Äôs called $eth lol ü§∑‚Äç‚ôÇÔ∏è few üòè,"['btc', 'btc']",0.0,0.0,2.0,wigsy30,1157.0,20738.0,4967.0,2021-08-07 13:01:34+00:00,265
7,13324877,1379838237871595525,2021-04-07 16:47:26+00:00,do you think i can have a personal consultation to see my birth chart and with btc timings?,,1.0,0.0,0.0,Nash57365995,43.0,3442.0,205.0,2021-04-07 16:47:26+00:00,91
7,17813781,1358431826847518720,2021-02-07 15:06:00+00:00,does this mean the united states is stupid or just easily influenced? maybe both? google trends for &amp; comparison of united states vs worldwide $btc $doge,"['Dogecoin', 'Bitcoin']",0.0,0.0,0.0,WW_Fund,848.0,98036.0,5000.0,2021-02-07 15:06:00+00:00,157
7,11278131,1390523069194670080,2021-05-07 04:25:09+00:00,thoughts his thoughts rehte hain btc ko leke to.,,1.0,0.0,4.0,Nishant_Bliss,6325.0,3784.0,353.0,2021-05-07 04:25:09+00:00,48
7,17793654,1358522178753486850,2021-02-07 21:05:02+00:00,2021-02-07 22:04:41 btc: 24h price change gainers: $doge/btc 0.00000189 (41.04%) $egld/btc 0.00328500 (35.46%) $avax/btc 0.00057910 (31.99%) $celo/btc 0.00009582 (24.83%),"['DOGEBTC', 'EGLDBTC', 'AVAXBTC', 'CELOBTC', 'CNN', 'Binance']",0.0,0.0,0.0,2Strawberries_,1530.0,1.0,12.0,2021-02-07 21:05:02+00:00,170
8,17643191,1358919149540368388,2021-02-08 23:22:27+00:00,$ipsi getting stronger as she goes. with $btc ripping to new highs i expect to see $ipsi gain more strength. if companies in the same sector but behind the ball with 3b os are trading over 1.00 it only a matter of time. 100m floater going to rip some faces off.,,0.0,7.0,22.0,PennyStockPower,10732.0,26479.0,94.0,2021-02-08 23:22:27+00:00,261
8,5614509,1413189180172111875,2021-07-08 17:32:10+00:00,you are getting it now i know. come to bitcoin 2022 in probably miami and join us for dinner.,,1.0,0.0,1.0,cptjacktraven,156.0,4218.0,600.0,2021-07-08 17:32:10+00:00,93
8,8079796,1402223541597224962,2021-06-08 11:18:39+00:00,don't buy this dip!!! ü§¢ but the $btc dip instead.,"['BTC', 'Crypto', 'CRYPTOCURRENCY']",0.0,0.0,2.0,nightjaialai,34.0,2946.0,128.0,2021-06-08 11:18:39+00:00,49
8,1617396,1435539638656065537,2021-09-08 09:44:55+00:00,"you could pay for a coffee in in dc woth , since two years!",,0.0,0.0,0.0,Damavand_Archer,70.0,17135.0,238.0,2021-09-08 09:44:55+00:00,59
8,8020246,1402370401469177863,2021-06-08 21:02:13+00:00,need bitcoin to collapse even further to like 2017 levels before the year ends,,0.0,0.0,0.0,andrebinns_,305.0,95.0,76.0,2021-06-08 21:02:13+00:00,78
8,1615975,1435545309459980292,2021-09-08 10:07:27+00:00,notizie crypto da cointelegraph italia [ ‚Ä¶,"['crypto', 'bitcoin', 'cryptocurrency', 'blockchain', 'btc', 'ethereum', 'forex', 'money', 'trading', 'altcoins', 'cryptocurrencies']",0.0,0.0,1.0,MaximilianShare,477.0,471.0,1322.0,2021-09-08 10:07:27+00:00,42
8,5659262,1412959827387502592,2021-07-08 02:20:49+00:00,wonderful project with cool plan. this project completing every step according their plan. this project deserve your attention.,"['DOGGYSWAP', 'ETH', 'BTC', 'CRYPTO']",0.0,0.0,1.0,kimtuyen112292,3163.0,2979.0,3693.0,2021-07-08 02:20:49+00:00,127
8,8111150,1402111005610569734,2021-06-08 03:51:28+00:00,the problem are the maxi cult we need eth to flip btc,,0.0,0.0,2.0,CryptoNewboy,113.0,1169.0,224.0,2021-06-08 03:51:28+00:00,53
8,13290579,1380043253156827139,2021-04-08 06:22:06+00:00,ü§ù follow me on . let's hunt for bitcoins together! get an exciting experience on i-gaming platform with staking payouts!üí∞.my username: carlans4u,"['BTC', 'betfurysuccess', 'bitcoin', 'staking']",0.0,0.0,1.0,Omegacarlos3,1846.0,6029.0,2189.0,2021-04-08 06:22:06+00:00,144
8,1624718,1435510990188081152,2021-09-08 07:51:05+00:00,bitcoin defi hold to win üòçüòç,,0.0,0.0,7.0,tuquanvu19997,118.0,489.0,193.0,2021-09-08 07:51:05+00:00,27
9,5544475,1413586262984962050,2021-07-09 19:50:02+00:00,"[Íú©] daily $xtz [Íú©] „Ää„Ää binance „Äã„Äã ¬´ $btc ¬ª a:0.0000824 l:0.0000790 h:0.0000836 %:0.73 ¬´ $usd ¬ª a:$2.75 l:$2.58 h:$2.80 %:2.36 market cap: $2,339,964,085 24h volume: $50,166,059",['Tezos'],0.0,0.0,0.0,bakednet,500.0,1.0,23.0,2021-07-09 19:50:02+00:00,175
9,3583107,1424763714683604999,2021-08-09 16:05:15+00:00,"ada, eth, and btc.",,0.0,0.0,0.0,TW_Mordiven,1.0,106.0,6.0,2021-08-09 16:05:15+00:00,18
9,17586045,1359087287754129411,2021-02-09 10:30:34+00:00,bitcoin local top üåç safest ‚ü∂ ‚àö,,0.0,1.0,0.0,CryptoTraderPro,30426.0,4.0,15624.0,2021-02-09 10:30:34+00:00,30
9,7881092,1402723862446551040,2021-06-09 20:26:44+00:00,"daily wrap for 6/9/21! charts reviewed: $spx, $spy, $es_f, $mes_f, $qqq, $iwm, $xlf, $vix, $aapl, $tsla, , $amc, $gme, $clov, $pfe, $ups, $fdx, $dkng, $ccl","['StockMarket', 'Bitcoin', 'stocks', 'optionstrading', 'futurestrading', 'success']",0.0,0.0,0.0,TrueBubbleHead,16525.0,97427.0,28.0,2021-06-09 20:26:44+00:00,155
9,8001186,1402446969872818177,2021-06-09 02:06:28+00:00,"‚Äúall obligations in money expressed in dollars, existing prior to the effective date of this law, may be paid in bitcoin. bank of el salvador (bandesal), the automatic and instantaneous convertibility of bitcoin to dollars of the alternatives.‚Äù",,1.0,4.0,9.0,DaghanUzgur,4679.0,1972.0,310.0,2021-06-09 02:06:28+00:00,244
9,7983358,1402505789160493057,2021-06-09 06:00:12+00:00,lmao legit left to go check the results of his bitcoin bill. this is unreal,,0.0,0.0,1.0,ImSoNFTy1,2258.0,1229.0,2598.0,2021-06-09 06:00:12+00:00,75
9,17540010,1359236027836227595,2021-02-09 20:21:37+00:00,"sir thank you for all the great insights , you are really passing a great info for novices like us . one question i read is that sqm owns 65% shares of lac , is so why not invest in sqm directly . any thoughts on this ?",,0.0,0.0,0.0,b_for_bitcoin,23.0,1333.0,306.0,2021-02-09 20:21:37+00:00,219
9,3589752,1424740220495400962,2021-08-09 14:31:53+00:00,today i am record break scalping trade 1$ to 500$ earn in feature trading what a short today three lucky coin change dollor watch my all vedio with all prove thankyou all friend. target 1000$ today. $btc,"['chz', 'doge', 'btc']",1.0,1.0,2.0,CrYpt0PreDicToR,3418.0,1505.0,244.0,2021-08-09 14:31:53+00:00,203
9,17546618,1359214748840169475,2021-02-09 18:57:03+00:00,how much do you think bitcoin would be worth if apple got into bitcoin?,,0.0,0.0,3.0,MysticalHaitian,154.0,42939.0,87.0,2021-02-09 18:57:03+00:00,71
9,1537216,1435913720211853321,2021-09-09 10:31:23+00:00,"i suspect, in league with those that stand to loose power bc of",['BTC'],0.0,0.0,0.0,drcp7,315.0,5377.0,1193.0,2021-09-09 10:31:23+00:00,63
10,1487556,1436138437745184770,2021-09-10 01:24:20+00:00,nfl says bitcoin is bad nfl says betmgm is good,,0.0,0.0,3.0,testudo1111,2214.0,25609.0,293.0,2021-09-10 01:24:20+00:00,47
10,1488636,1436131055078199298,2021-09-10 00:55:00+00:00,iris energy has a vertically integrated real asset platform that does not rely on third party hosting.,['Bitcoin'],0.0,0.0,3.0,irisenergyco,462.0,598.0,173.0,2021-09-10 00:55:00+00:00,102
10,11050249,1391779499864383490,2021-05-10 15:37:45+00:00,bitcoin fixes this,,1.0,0.0,0.0,SizeLord,112.0,4283.0,325.0,2021-05-10 15:37:45+00:00,18
10,5534267,1413649678650970118,2021-07-10 00:02:02+00:00,"$btc crypto fear &amp; greed index - jul 10, 2021 now: 20 (extreme fear) yesterday: 20 (extreme fear) last week: 24 (extreme fear) last month: 21 (extreme fear)",['crypto'],0.0,0.0,0.0,link_journey,144.0,493.0,78.0,2021-07-10 00:02:02+00:00,160
10,17476693,1359510000675155971,2021-02-10 14:30:17+00:00,ideaology has listed on uniswap! $idea,"['idealogy', 'IDEA', 'Cryptocurrencies', 'Bitcoin', 'Blockchain', 'airdrop']",0.0,0.0,0.0,Taleb97915375,83.0,636.0,772.0,2021-02-10 14:30:17+00:00,38
10,1446984,1436352003400159234,2021-09-10 15:32:58+00:00,"üî¥ sold 25.0 btc-17sep21-43000-p üìâ at 0.0211üî∂btc ($954.48), total size 0.5275btc ($23862.08), iv 79.65%, index price $45236.18",['block_trade'],0.0,0.0,0.0,Laevitas_Bot,1324.0,0.0,0.0,2021-09-10 15:32:58+00:00,125
10,17480615,1359500323845382148,2021-02-10 13:51:50+00:00,good program ideaology has listed on uniswap! $idea,"['idealogy', 'IDEA', 'Cryptocurrencies', 'Bitcoin', 'Blockchain', 'airdrop']",0.0,0.0,0.0,CryptoLover06,233.0,229.0,311.0,2021-02-10 13:51:50+00:00,51
10,7732255,1403109937878872071,2021-06-10 22:00:52+00:00,shop &amp;,"['linkedin', 'twitter', 'facebook', 'instagram', 'tiktok', 'socialmedia', 'pinterest', 'discountcode', 'dogecoin', 'reddit', 'gift', 'gifts', 'giftideas', 'shop', 'shopping', 'affiliatemarketing', 'bitcoin', 'gifts', 'baskets']",0.0,0.0,0.0,bmurphypointman,73245.0,24.0,16775.0,2021-06-10 22:00:52+00:00,10
10,13176377,1380743424941428738,2021-04-10 04:44:20+00:00,amazing project with experienced team. hope this project will show their excellence very soon. best of luck for the project.,"['cryptoawards', 'iqcash', 'cryptocurrency', 'awards', 'crypto', 'best', 'altcoins', 'exchanges', 'payments', 'blockchain', 'CryptoNews', 'Bitcoin', 'vote', 'coin', 'Cryptocurrencies']",0.0,0.0,0.0,1969Rizwan,2193.0,3880.0,4936.0,2021-04-10 04:44:20+00:00,124
10,11027909,1391865048256196617,2021-05-10 21:17:41+00:00,the literal ‚Äúmillion dollar‚Äù question is will she hold onto it long enough to really change her life!?!? ü§î,['Bitcoin'],0.0,0.0,0.0,BigNewt23,639.0,84084.0,459.0,2021-05-10 21:17:41+00:00,106
11,1386543,1436683564045664260,2021-09-11 13:30:28+00:00,$bsc $bnb $btc,"['BSC', 'BNB', 'BTC', 'GameFi']",0.0,0.0,0.0,iwonsvt,1137.0,13532.0,3997.0,2021-09-11 13:30:28+00:00,14
11,10989234,1392095367181778948,2021-05-11 12:32:54+00:00,"me who don't have doge, or btc or eth or nothing else",,0.0,0.0,0.0,DeSanctis26,136.0,12211.0,94.0,2021-05-11 12:32:54+00:00,53
11,15222458,1370068527173013505,2021-03-11 17:46:06+00:00,only time will tell if can become mainstream. i believe it can happen,['bitcoin'],0.0,0.0,0.0,paulseoguru,424.0,94.0,347.0,2021-03-11 17:46:06+00:00,69
11,7724275,1403142306849607681,2021-06-11 00:09:29+00:00,"it's riddled with ""i'm smarter than you because i'm big into bitcoin"" dudebros who apparently haven't figured out yet that, like every other form of gambling, the only smart people in crypto are the ones who get out while the getting's good. everybody else is eventually a donkey.",,0.0,0.0,0.0,BlockBuster_Guy,1032.0,13932.0,1313.0,2021-06-11 00:09:29+00:00,280
11,15231283,1370034707123953670,2021-03-11 15:31:42+00:00,i learned and learned about cryptocurrencies through infinitecoin. i also fell in love with btc ltc,,1.0,0.0,1.0,cyl2077,383.0,408.0,491.0,2021-03-11 15:31:42+00:00,99
11,1399967,1436604321840435203,2021-09-11 08:15:35+00:00,probs why btc outperforms in the near term?,,0.0,0.0,0.0,0nemorecomma,235.0,19703.0,340.0,2021-09-11 08:15:35+00:00,43
11,7683581,1403309761949470722,2021-06-11 11:14:54+00:00,donate some,"['btc', 'doctorswithoutborders']",0.0,0.0,1.0,Djafull_,74.0,493.0,319.0,2021-06-11 11:14:54+00:00,11
11,5479402,1414046843776942083,2021-07-11 02:20:13+00:00,bitcoin isn‚Äôt a token. hop off your high horse bud üòÇ,,0.0,0.0,1.0,witnessxchris,138.0,1103.0,145.0,2021-07-11 02:20:13+00:00,52
11,3452527,1425442760069423110,2021-08-11 13:03:32+00:00,"'s is priming banks to run afoul of international regulators &amp; may embroil the economy in an inflation crisis, says economist . skepticism of bitcoin in rural, cash-based economies may also hamper broad public adoption.","['ElSalvador', 'BitcoinLaw']",1.0,7.0,4.0,ElFaroEnglish,5867.0,921.0,174.0,2021-08-11 13:03:32+00:00,223
11,5465791,1414165231769632770,2021-07-11 10:10:39+00:00,bitcoin mining gets easier after record first half for nfts [okex insights]bitcoin mining gets easier after record first half for nfts,,0.0,0.0,0.0,RssBit,1621.0,27660.0,285.0,2021-07-11 10:10:39+00:00,134
12,13020423,1381698654440919044,2021-04-12 20:00:04+00:00,will $bnb flip $eth? wants to be paid in $btc? and $vra news as they have their tournament go live! plus the days news and charts.,,0.0,0.0,1.0,crypto_anxiety,940.0,26864.0,829.0,2021-04-12 20:00:04+00:00,130
12,5411903,1414540272965390340,2021-07-12 11:00:56+00:00,would plea deal üò´,,0.0,0.0,2.0,kirkminburner,1470.0,112163.0,1099.0,2021-07-12 11:00:56+00:00,17
12,7576007,1403763148071522310,2021-06-12 17:16:29+00:00,soon will be like losing your bitcoin wallet back in 2011,,1.0,0.0,1.0,FrenofOlde,97.0,1532.0,278.0,2021-06-12 17:16:29+00:00,57
12,10910915,1392515392963231747,2021-05-12 16:21:56+00:00,june 1st - 38k bottom $btc,,0.0,0.0,0.0,cryptoschiz0,20.0,1151.0,100.0,2021-05-12 16:21:56+00:00,26
12,7608925,1403605904021413889,2021-06-12 06:51:39+00:00,"btc latest block info: block 687256 holds 2,433 transactions for a total of 14,922.24628 bitcoin including block reward. block size 1,414,360 bytes",,0.0,0.0,0.0,btc_blockbot,264.0,32.0,69.0,2021-06-12 06:51:39+00:00,147
12,3378745,1425856318955573260,2021-08-12 16:26:52+00:00,she covers mental health. surprise surprise,,0.0,0.0,0.0,ThoughtsITextMe,112.0,21620.0,192.0,2021-08-12 16:26:52+00:00,43
12,7570249,1403791522781270021,2021-06-12 19:09:14+00:00,"""more people own today than yesterday and this is true every day.""",['Bitcoin'],0.0,0.0,0.0,SakshiDiva01,631.0,28635.0,60.0,2021-06-12 19:09:14+00:00,66
12,1339108,1436988892587171841,2021-09-12 09:43:44+00:00,reverse hammer candles usually happen at the end of a downtrend . we will bounce hard . $atom $avax $eth,"['BTC', 'Bullmarket']",0.0,1.0,2.0,EMANESMAELI,261.0,11289.0,435.0,2021-09-12 09:43:44+00:00,104
12,10902878,1392546325204512768,2021-05-12 18:24:50+00:00,i‚Äôve never had any problems. no kyc if you pull less than 2 btc per day.,,1.0,0.0,1.0,cyron879,325.0,1458.0,313.0,2021-05-12 18:24:50+00:00,72
12,7560702,1403841250076336129,2021-06-12 22:26:50+00:00,we at $feg would love to educate you about the benefits of and how you can earn passive income on your by wrapping it with $feg to create $fbtc post everywhere! ü¶çü¶çü¶çü¶çü¶çü¶ç,"['FEG', 'Bitcoin', 'FEGArmy', 'FEGelsalvador']",0.0,6.0,22.0,FegArmy_,422.0,5035.0,198.0,2021-06-12 22:26:50+00:00,167
13,10753356,1392829365256294402,2021-05-13 13:09:32+00:00,"elon musk and bitcoin relationship üòÇ this video is to grab your attention,buy shibainu coin now or regret","['ShibaInuToTheMoon', 'SHIBARMY', 'shibainu']",0.0,0.0,2.0,TheWebBoy19,29.0,2013.0,49.0,2021-05-13 13:09:32+00:00,105
13,10711685,1392907571430924292,2021-05-13 18:20:18+00:00,especially the ones who bought they tesla w bitcoin üò≠,,0.0,0.0,0.0,RockSt4rBaby,416.0,62608.0,253.0,2021-05-13 18:20:18+00:00,53
13,5356441,1414784928152051714,2021-07-13 03:13:06+00:00,"with the opportunity to take part in this airdrop, i am very enthusiastic because this is an excellent project, let's take it to the moon.","['KUAPE', 'KUCOIN', 'KCC', 'GIVEAWAY', 'MEME', 'BITCOIN', 'KUAPEFINANCE', 'DEX', 'IDO']",0.0,0.0,0.0,GhooLayung_,64.0,892.0,776.0,2021-07-13 03:13:06+00:00,138
13,1299129,1437224054805516290,2021-09-13 01:18:11+00:00,"üìÑ transaction report üñ• gmo coin üïê 2021-09-13 10:18 jst üìñ open buy 0.02 btc_jpy at 4,988,130 ‚É£","['Bitcoin', 'Ëá™ÂãïÂ£≤Ë≤∑']",0.0,0.0,0.0,lawn_fx,115.0,262.0,113.0,2021-09-13 01:18:11+00:00,93
13,10790870,1392761365450854400,2021-05-13 08:39:20+00:00,zoon! very very zoon! $znn $btc deploy your satellite to mine bitcoin. the earth will stay protected and clean.,,0.0,0.0,5.0,cryptopaperman,312.0,3880.0,242.0,2021-05-13 08:39:20+00:00,111
13,17207119,1360659843456131075,2021-02-13 18:39:21+00:00,"so you claim this is plain wrong? the average energy consumption for one single bitcoin transaction in 2020 was 741 kilowatt-hours. this was significantly more compared to the cumulative 100,000 visa transactions with only an energy consumption of 149 kilowatt-hours.",,2.0,0.0,0.0,mkorhonen12345,572.0,20799.0,59.0,2021-02-13 18:39:21+00:00,267
13,10800951,1392737274966724610,2021-05-13 07:03:36+00:00,not elon musk acting like bitcoin mining is ‚Äúoffensive to the environment‚Äù while riding in his privet jet to his rocket-building factory,['hypocrite'],0.0,0.0,1.0,jennapondwho,17.0,254.0,20.0,2021-05-13 07:03:36+00:00,136
13,10788229,1392767699231596545,2021-05-13 09:04:30+00:00,bitcoin (btc) price falls after tesla stops car purchases with crypto üá≥üá±,['CryptoBoys6'],0.0,0.0,0.0,CryptoBoys6,461.0,70.0,1008.0,2021-05-13 09:04:30+00:00,72
13,10771702,1392799160798224384,2021-05-13 11:09:31+00:00,the odds that he didn't know bitcoin had very high energy costs per transaction round to zero.,,0.0,0.0,1.0,KerryLVaughan,30.0,33.0,70.0,2021-05-13 11:09:31+00:00,94
13,7492327,1404155443132338181,2021-06-13 19:15:20+00:00,i'm very impressed with the idea. this project utilized trusted technologies from compound and aave i want to recommend everyone doesn't miss out,"['Bitcoin', 'Crypto', 'volatility']",0.0,0.0,1.0,sayeed723,223.0,3917.0,2457.0,2021-06-13 19:15:20+00:00,145
14,5249010,1415346195279454212,2021-07-14 16:23:23+00:00,pump btc.. elon,,0.0,0.0,0.0,LucifeRuthless,6.0,522.0,55.0,2021-07-14 16:23:23+00:00,15
14,17172954,1360845831750832128,2021-02-14 06:58:24+00:00,how to transfer bitcoin to paypal | sell bitcoin for paypal instantly via,,0.0,0.0,0.0,bryan12297558,1.0,31.0,52.0,2021-02-14 06:58:24+00:00,73
14,10597545,1393277161532903429,2021-05-14 18:48:55+00:00,rocketpirates provides its customers excellent technologies &amp; services &amp; a modern ecosystem that is growing rapidly. it's very good that the project has received such a great publicity around the world.,"['RocketPirates', 'CRYPTO']",0.0,0.0,1.0,Cryptom90099787,2102.0,5519.0,2165.0,2021-05-14 18:48:55+00:00,210
14,7462787,1404259367768236039,2021-06-14 02:08:17+00:00,$btcusd 5 min system long from 38941.5 stop=37619.29 t1=39989.01 t2=41008.11 t3=43542.08,['Bitcoin'],1.0,0.0,0.0,algoBear,283.0,4069.0,1147.0,2021-06-14 02:08:17+00:00,88
14,10671187,1392994809187651589,2021-05-14 00:06:57+00:00,that's why we will only accept bitcoin mined with tesla clean energy suply,,0.0,0.0,0.0,FabiosoFabioso,62.0,15311.0,1115.0,2021-05-14 00:06:57+00:00,74
14,17185686,1360770668367933441,2021-02-14 01:59:43+00:00,bitcoin has replaced gold,,4.0,0.0,41.0,coercaodobem,21594.0,40719.0,708.0,2021-02-14 01:59:43+00:00,25
14,10632609,1393154100699619330,2021-05-14 10:39:55+00:00,good project my trc20 address tywgg4b8iw9wsl4b3nox1bazreaalppsph,"['hariraya', 'cryptocurrency', 'BTC']",0.0,0.0,0.0,MDRazib40201514,136.0,2649.0,2724.0,2021-05-14 10:39:55+00:00,64
14,5273840,1415222010070937601,2021-07-14 08:09:55+00:00,all the $btc you can will be our strength against banksters.,['HODL'],1.0,0.0,0.0,StandardFine,2312.0,59287.0,1472.0,2021-07-14 08:09:55+00:00,60
14,5284835,1415154087742615552,2021-07-14 03:40:01+00:00,those who attack bitcoin after benefiting from it and let the rest lose.,,0.0,0.0,0.0,Charls00560296,97.0,22422.0,277.0,2021-07-14 03:40:01+00:00,72
14,15003871,1371046222023122948,2021-03-14 10:31:06+00:00,"i forgot to mention, if i wanted my 0.02 btc back, i just pay off the loan ($500). there generally aren't prepayment penalties that i've seen. i was sure to read all the terms when i pulled the first loan, and i'll be sure to read them again, too.",,0.0,0.0,0.0,cryptoquick,240.0,7988.0,536.0,2021-03-14 10:31:06+00:00,247
15,7294341,1404914427804229633,2021-06-15 21:31:16+00:00,bitcoin fixed this,,0.0,0.0,0.0,Evan_Almightee,1314.0,7862.0,1893.0,2021-06-15 21:31:16+00:00,18
15,10520117,1393643848186871811,2021-05-15 19:06:00+00:00,"is all you have cliches and memes? give me some effort. it's not even insulting, it's just pathetic.",,1.0,0.0,0.0,TGuy817,4.0,1101.0,9.0,2021-05-15 19:06:00+00:00,100
15,10514596,1393665377499074560,2021-05-15 20:31:33+00:00,"$grt in the past - has pumped during a btc dump/consolidation. (that‚Äôs why i‚Äôm writing on my chart: we‚Äôre still learning it‚Äôs correlation. it‚Äôs under a year old) this is early entry. if functional project tokens like this gain traction, the sky is the limit. see $eth $link",,1.0,1.0,2.0,GoSavageGIRLs,2425.0,11417.0,681.0,2021-05-15 20:31:33+00:00,273
15,7323937,1404811442335985671,2021-06-15 14:42:02+00:00,paid in,['Bitcoin'],0.0,0.0,0.0,technupe1911,896.0,9808.0,4997.0,2021-06-15 14:42:02+00:00,7
15,17094625,1361250821577445377,2021-02-15 09:47:41+00:00,i‚Äôm not seeing a copy of the bitcoin standard.,,0.0,0.0,1.0,seansenior,657.0,14002.0,2140.0,2021-02-15 09:47:41+00:00,46
15,5169928,1415792437415534592,2021-07-15 21:56:35+00:00,after the researchers from the cambridge bitcoin electricity consumption index (cbeci) project said that the website&amp;;s &amp;;bitcoin mining map&amp;...read more:,,0.0,0.0,0.0,webnowcompany,5939.0,4.0,4659.0,2021-07-15 21:56:35+00:00,166
15,14913239,1371511034628947970,2021-03-15 17:18:06+00:00,free shipping on purchases over $25 at,"['makemoneyonline', 'affiliatemarketing', 'networkmarketing', 'digitalmarketing', 'makemoney', 'income', 'affiliatemarketing', 'gift', 'shopping', 'gifts', 'onlineshopping', 'bitcoin', 'Amazon']",0.0,0.0,0.0,brettmurphynet,315.0,33.0,298.0,2021-03-15 17:18:06+00:00,38
15,10548112,1393534189014769672,2021-05-15 11:50:15+00:00,double bottom pattern,"['crypto', 'bitcoin', 'cryptocurrency', 'blockchain', 'btc', 'ethereum', 'trading', 'bitcoinmining', 'cryptocurrencies', 'bitcoinnews']",0.0,0.0,8.0,bullstar_signal,552.0,110.0,136.0,2021-05-15 11:50:15+00:00,21
15,1096954,1438199023371005956,2021-09-15 17:52:22+00:00,the golden cross has arrived!,['Bitcoin'],0.0,0.0,1.0,R9hGOfAbXkt1NAK,46.0,4823.0,10.0,2021-09-15 17:52:22+00:00,29
15,1137570,1438020711851778051,2021-09-15 06:03:49+00:00,"this is a good project, hopefully in the future it can be even more successful for the team. thank you for providing a great opportunity to take the token i want. $kcs $bnb $btc $ada $eth","['ETH', 'KCC']",0.0,0.0,1.0,Shaiikh12,17.0,1456.0,453.0,2021-09-15 06:03:49+00:00,187
16,3145857,1427295027458420737,2021-08-16 15:43:47+00:00,ok guys. this is it. explosion incoming. surprise!!,"['APL', 'Bitcoin', 'Ethiopia', 'ETH', 'ETN', 'KIN', 'NEO', 'Solana', 'SAFEMOON', 'BinanceChain', 'XLM', 'TRX', 'DOT', 'ADA', 'BNB', 'XMR', 'cryptotrading', 'Crypto', 'NFTCommunity', 'NFTartist', 'NFTTHAILAND', 'business', 'MUFC', 'SHIB', 'BabyXRP', 'BabyDogeCoin']",1.0,5.0,20.0,DapUcases,851.0,3748.0,1902.0,2021-08-16 15:43:47+00:00,51
16,17017214,1361650281604386820,2021-02-16 12:15:00+00:00,bitcoin plays booming - come on show us 2p,"['OBC', 'ARB', 'CLP']",1.0,2.0,5.0,Watermelon_AIM,3913.0,22960.0,133.0,2021-02-16 12:15:00+00:00,42
16,5130231,1416040929778180098,2021-07-16 14:24:01+00:00,usd/jpy | $usdjpy | $usd $jpy short term sell long or short it with btc on trade8:,,0.0,0.0,0.0,IdeasPrime,6810.0,0.0,0.0,2021-07-16 14:24:01+00:00,82
16,10471812,1393879964483821574,2021-05-16 10:44:15+00:00,normalize chess tournaments with block clocks during the bitcoin conference,,0.0,0.0,0.0,AviAisenberg,1010.0,7033.0,833.0,2021-05-16 10:44:15+00:00,75
16,3173223,1427122788125462530,2021-08-16 04:19:22+00:00,"it depends on how into independence it gets you. technically with some ham radio setups you can always have a backup connection, with just a little power to run the gear",,0.0,0.0,0.0,gongore3,132.0,31989.0,52.0,2021-08-16 04:19:22+00:00,169
16,1071499,1438338392664821767,2021-09-16 03:06:10+00:00,on purchases over $25 at,"['linkedin', 'shoppingonline', 'twitter', 'facebook', 'instagram', 'dogecoin', 'socialmedia', 'pinterest', 'doge', 'deal', 'gift', 'gifts', 'giftideas', 'shop', 'shopping', 'affiliatemarketing', 'bitcoin', 'freeshipping', 'Amazon']",0.0,0.0,0.0,bmurphypointman,71534.0,24.0,13180.0,2021-09-16 03:06:10+00:00,24
16,16983828,1361734319967002630,2021-02-16 17:48:56+00:00,nothing has to ‚Äúback‚Äù it. is a monetary network comprised of thousands of nodes with institutional investors flooding in to add it to their treasury‚Äôs balance sheet as a hedge against inflation. the larger the network becomes the stronger the currency becomes.,['Bitcoin'],1.0,0.0,4.0,thetacollama,1845.0,5636.0,4830.0,2021-02-16 17:48:56+00:00,260
16,10433393,1394003993672785926,2021-05-16 18:57:06+00:00,learn your lesson cuz your bank accounts will learn now idiots...,"['Bitcoin', 'dogeallin']",0.0,0.0,0.0,aadamz125,507.0,6527.0,90.0,2021-05-16 18:57:06+00:00,65
16,14871892,1371739893009907717,2021-03-16 08:27:30+00:00,liquidity farming &amp; staking will drive by: ogwu osaemezu emmanuel,"['DeFi', 'LiquidityFarming', 'PHNX', 'PhoenixDAO']",1.0,5.0,9.0,btc_manager,61486.0,7036.0,1753.0,2021-03-16 08:27:30+00:00,69
16,16968719,1361792246236864515,2021-02-16 21:39:07+00:00,"for more info, head to","['crypto', 'buy', 'sell', 'trade', 'bitcoin', 'ethereum', 'altcoins', 'secure', 'ATM', 'bestprices', 'discounts', 'belcobtm', 'staysafe', 'socialdistance', 'covid19', 'lovecrypto', 'follow', 'buybtc', 'buybitcoin', 'cryptocurrency', 'buycryptoinNJ', 'bitcoinatm']",0.0,0.0,0.0,BelcoBTM,959.0,605.0,1455.0,2021-02-16 21:39:07+00:00,22
17,12661054,1383434924431011854,2021-04-17 14:59:23+00:00,bought $xvs at price 0.0013444 $btc using,"['AI', 'CryptoSignals', 'InversoSignals']",0.0,1.0,0.0,InversoSignals,1635.0,5.0,1.0,2021-04-17 14:59:23+00:00,41
17,16936390,1361953517259403265,2021-02-17 08:19:57+00:00,i have 100$ bitcoin for sale at cheap rate,,0.0,0.0,0.0,zincode012,62.0,4381.0,286.0,2021-02-17 08:19:57+00:00,42
17,14799124,1372167146885746693,2021-03-17 12:45:16+00:00,become a member,"['linkedin', 'twitter', 'facebook', 'instagram', 'bitcoin', 'socialmedia', 'pinterest', 'shoponline', 'medium', 'deal', 'gift', 'gifts', 'giftideas', 'shop', 'shopping', 'shoppingonline', 'cooking', 'homecooking', 'affiliatemarketing']",0.0,0.0,0.0,bmurphypointman,74118.0,24.0,18013.0,2021-03-17 12:45:16+00:00,15
17,16951271,1361876093708468229,2021-02-17 03:12:17+00:00,is a $100k even an exciting prospect for people anymore? zzzzzzzzzzz....,['BTC'],0.0,0.0,4.0,IntelligentXRP,3664.0,16537.0,1721.0,2021-02-17 03:12:17+00:00,72
17,974447,1438864201775263754,2021-09-17 13:55:33+00:00,thanks! üëä,,1.0,0.0,1.0,edwardmorra_btc,47234.0,11112.0,694.0,2021-09-17 13:55:33+00:00,9
17,12676888,1383330421073534983,2021-04-17 08:04:08+00:00,the lightning network: what is it and can it help ? capital predicted that on-chain bitcoin transaction fees will reach $100 in 2020.,"['Bitcoin', 'Blockchain']",0.0,0.0,0.0,Kimberl82136527,2.0,59.0,91.0,2021-04-17 08:04:08+00:00,133
17,14758722,1372314429660950528,2021-03-17 22:30:31+00:00,and me loves $exrd! can't wait to see this undervalued project goes up in short üëÄ,['defigem'],1.0,0.0,0.0,SoeMatthew,16.0,52.0,19.0,2021-03-17 22:30:31+00:00,81
17,12691342,1383213662144323585,2021-04-17 00:20:10+00:00,"is the first meme coin, it is more like then it is . let‚Äôs be intellectually honest , bitcoin has the same use case as doge you feel good buying it number goes up","['bitcoin', 'doge', 'Ethereum']",0.0,0.0,0.0,12c6DSiU4Rq3P4,92.0,1014.0,115.0,2021-04-17 00:20:10+00:00,162
17,16918423,1362021617023483909,2021-02-17 12:50:33+00:00,"start with the old white guys in government who take money from these very powerful leaders who steel our kids, and use them as slaves! we will find you, you are being tracked, and bitcoin won‚Äôt help u pigs!",,0.0,0.0,0.0,maureen_schuler,568.0,147.0,2026.0,2021-02-17 12:50:33+00:00,207
17,10245040,1394361603554910210,2021-05-17 18:38:06+00:00,meri to isi din fatli thi üòÖ kid wanted to invest 5k in and asked me if it was better than,"['Dogecoin', 'BTC']",0.0,0.0,7.0,RegeWolf,6144.0,13654.0,112.0,2021-05-17 18:38:06+00:00,89
18,3055404,1427844245306621960,2021-08-18 04:06:10+00:00,"üìàüí∂$2,491,500 $btc longed $45300.0 [18/08/21 04:06:10] üè™ftx | btc-perp üó£Ô∏èlet me tell you why this is good. - vitalik",,0.0,0.0,4.0,WhaleTrades,141030.0,369.0,0.0,2021-08-18 04:06:10+00:00,115
18,3053589,1427858110648045568,2021-08-18 05:01:16+00:00,the human app delivers real-world utility to hmt and the human ecosystem sponsored news,['bitcoin'],0.0,0.0,1.0,bitcoinagile,61229.0,8725.0,13887.0,2021-08-18 05:01:16+00:00,87
18,16842266,1362294640347594753,2021-02-18 06:55:27+00:00,$gold transfer $btc to $gold,,0.0,0.0,2.0,PaulM81587676,684.0,8507.0,831.0,2021-02-18 06:55:27+00:00,28
18,3015719,1428063143280906240,2021-08-18 18:36:00+00:00,120% with 10x telegram ‚û°Ô∏è,"['AKROUSDT', 'gorillaCrypto', 'bitcoin', 'cryptocurrency', 'crypto', 'blockchain', 'bitcoinnews', 'finance', 'hodl', 'daytrader', 'bitcoinprice', 'cryptonews']",0.0,0.0,0.0,GorillaCrypto7,916.0,909.0,37.0,2021-08-18 18:36:00+00:00,25
18,16799614,1362481125885632512,2021-02-18 19:16:28+00:00,until there will be people buying it and keeping it it is another currency. the same happens with the other currencies. do you think it is easier to stop or take control of the btc network then changing a government in a country?,,0.0,0.0,0.0,CryptoSocialCl1,21.0,95.0,198.0,2021-02-18 19:16:28+00:00,229
18,5044481,1416602585310638083,2021-07-18 03:35:50+00:00,"my mate, bob, has been searching his pockets for change covered with teeth marks ever since he saw a tweet saying that bitcoin was a safe investment.üò∂",,0.0,1.0,6.0,JohnCam31307270,2263.0,125551.0,1752.0,2021-07-18 03:35:50+00:00,150
18,923438,1439145251608875011,2021-09-18 08:32:20+00:00,those are not reliable technologies. only bitcoin gets close to being fully decentralized.,,0.0,0.0,0.0,pedromvpg,2911.0,22979.0,3473.0,2021-09-18 08:32:20+00:00,90
18,3048405,1427897174860472324,2021-08-18 07:36:30+00:00,"when banks are making these decisions, its a clear sign there time is over. crypto is commingüòé","['razorback', 'ing', 'abnamro', 'btc']",0.0,0.0,0.0,newess,33.0,172.0,323.0,2021-08-18 07:36:30+00:00,94
18,12632094,1383608741493297152,2021-04-18 02:30:04+00:00,"[‚Çø] daily $btc [‚Çø] kraken‚ùØ a:$59,088 l:$58,675 h:$60,403 bitstamp‚ùØ a:$59,143 l:$58,686 h:$62,596 bitfinex‚ùØ a:$59,006 l:$58,565 h:$62,450 market cap: $1,110,433,276,264 24h volume: $8,436,216,981 24h: -5.34% 7d: 6.93%",['Bitcoin'],0.0,0.0,0.0,bakednet,503.0,1.0,23.0,2021-04-18 02:30:04+00:00,216
18,3043349,1427928699480023042,2021-08-18 09:41:46+00:00,"no their both empty, but never had a bitcoin! in fla he makes sure we can‚Äôt even collect unemployment benefits after working for 25+ years of your life but congratulations to you",,0.0,0.0,0.0,Awfill_Shilady,55.0,1757.0,277.0,2021-08-18 09:41:46+00:00,178
19,16726854,1362805354472615939,2021-02-19 16:44:50+00:00,well now.... that was fast! $btc $xbt,['Bitcoin'],0.0,0.0,1.0,thomas_quinlan,2315.0,57205.0,597.0,2021-02-19 16:44:50+00:00,37
19,873304,1439469318111105024,2021-09-19 06:00:04+00:00,one bitcoin now worth $48042.27. high $48834.000. low $47613.440. market cap $904.156 billion,['bitcoin'],0.0,0.0,0.0,BTCticker,4145.0,0.0,11.0,2021-09-19 06:00:04+00:00,93
19,4936724,1417241602716667907,2021-07-19 21:55:03+00:00,i think goes down from here.,['Bitcoin'],2.0,0.0,1.0,roy250swb,2927.0,171173.0,1904.0,2021-07-19 21:55:03+00:00,28
19,4959509,1417133003172728835,2021-07-19 14:43:31+00:00,sadly is much lower,['ksm'],0.0,0.0,0.0,KingBob53,528.0,3705.0,1406.0,2021-07-19 14:43:31+00:00,19
19,10105363,1394832662054019075,2021-05-19 01:49:56+00:00,if bitcoin goes to 0 i will buy them all.,,0.0,1.0,1.0,cyberhornet420,474.0,19193.0,1223.0,2021-05-19 01:49:56+00:00,41
19,16682698,1362899911621107718,2021-02-19 23:00:35+00:00,it's never late to buy,['Bitcoin'],0.0,0.0,1.0,AllBitcoin4,328.0,525.0,1006.0,2021-02-19 23:00:35+00:00,22
19,9931957,1395067267918880769,2021-05-19 17:22:10+00:00,sounds like someone didn't get the memo either:,,0.0,1.0,4.0,Matt__Bitcoin,10944.0,76779.0,607.0,2021-05-19 17:22:10+00:00,47
19,10073816,1394901008719941632,2021-05-19 06:21:31+00:00,i bought some yesterday too &amp; very happy i did even if it has dipped further i just finished the night shift &amp; was pleasantly surprised to see the market's a bloodbath...so i got the $tel i wanted at the right price patience pays off in this game &amp; i'll be holding now,['bitcoin'],1.0,0.0,3.0,simonorthwest,39.0,6559.0,12.0,2021-05-19 06:21:31+00:00,280
19,10070294,1394909290654146560,2021-05-19 06:54:25+00:00,what happened to your long on btc? üòÇ,,0.0,0.0,0.0,EtemDemircan2,24.0,283.0,87.0,2021-05-19 06:54:25+00:00,36
19,16771860,1362624283860639744,2021-02-19 04:45:20+00:00,can‚Äôt buy on coinbase though. start a account. can send your bitcoin to binance via coinbase. can only buy bnb w other crypto tho. not fiat,,0.0,0.0,0.0,stroslukesiuefa,69.0,3790.0,233.0,2021-02-19 04:45:20+00:00,139
20,788745,1439938304728784898,2021-09-20 13:03:39+00:00,starting trading with requires zero experience. you can set your profit percentage and begin trading in no time. sign up today:,"['DigieBot', 'crypto', 'bitcoin', 'autotrading', 'tradingsoftware', 'trading']",0.0,2.0,5.0,DigieBot,120.0,20.0,36.0,2021-09-20 13:03:39+00:00,127
20,14579353,1373240318250864640,2021-03-20 11:49:40+00:00,"just my personal opinion obviously, but the court is currently looking favourably towards xrp being deemed not a security, but as an asset. this'll help push the xrp price higher right now. overall, i think its just a matter of time before moons and takes out","['xrp', 'bitcoin']",0.0,0.0,2.0,invader_crypto,54.0,526.0,0.0,2021-03-20 11:49:40+00:00,259
20,9818960,1395345994271887360,2021-05-20 11:49:43+00:00,here come the fed right on cue lol üëáüèªüëáüèª u.s. regulators plan on revisiting crypto laws following a massive market crash via ‚Å¶‚Å©,"['cryptonews', 'crypto', 'btc']",0.0,0.0,0.0,iam_mugen,168.0,18926.0,650.0,2021-05-20 11:49:43+00:00,126
20,9854264,1395234467799834625,2021-05-20 04:26:33+00:00,today is another opportunity to start making money while you stay at home . ask me how? do you know you can make 7 btc weekly trading bitcoin? ask me how we do it all by trading on your investment capital. the time is now to start making money off investing in bitcoin. .,,0.0,0.0,2.0,Patricia_fx_tra,229.0,827.0,4998.0,2021-05-20 04:26:33+00:00,271
20,6971007,1406449601402519568,2021-06-20 03:11:30+00:00,yeah,,1.0,0.0,1.0,point_btc,5576.0,94244.0,681.0,2021-06-20 03:11:30+00:00,4
20,6915422,1406730208674258948,2021-06-20 21:46:32+00:00,"the $btc price is at $35634.23 right now. üî¥ compared to the last tweet, the price has dropped by $201.24 (-0.56%). üî¥ in the last 24 hours the price has dropped by $298.67 (-0.83%).","['Bitcoin', 'BTC']",0.0,0.0,1.0,Bitcoin8News,3191.0,10.0,5.0,2021-06-20 21:46:32+00:00,180
20,9836378,1395290739303723008,2021-05-20 08:10:10+00:00,"üá™üá∫ vice president of the european central bank (ecb) made statements about cryptocurrencies: ‚ùóÔ∏èit should not be seen as a ""real investment"". ‚ùóÔ∏è""cryptocurrency is an asset with very weak fundamentals and will be subject to a lot of volatility.","['cryptocurrencies', 'ecb', 'BTC', 'ETH']",0.0,0.0,0.0,GannMarkets,918.0,32.0,2.0,2021-05-20 08:10:10+00:00,242
20,6948257,1406591331372306438,2021-06-20 12:34:41+00:00,i don't think we are going to nuke a ton. good chance of a bounce at 32k. nearly every 500 lvl on the way down has big buy walls. wealthy are picking up discounted btc. honestly i'd be surprised if it goes much below 30k,,0.0,0.0,0.0,Ayeseltpw,1717.0,8104.0,265.0,2021-06-20 12:34:41+00:00,220
20,12449951,1384472702543613953,2021-04-20 11:43:09+00:00,i found a blue vault in coin hunt world!,"['coinhuntworld', 'cryptocurrency', 'bitcoin']",0.0,0.0,0.0,CoinBandit781,1.0,0.0,2.0,2021-04-20 11:43:09+00:00,40
20,2883337,1428800170163019778,2021-08-20 19:24:41+00:00,please explain why all the other mining stocks fly but bitfarms can't break 6. are people shorting it? it used to run parellel with btc movement. are the atm sells happening? ü§î,,2.0,0.0,0.0,BaronGold444,52.0,6337.0,339.0,2021-08-20 19:24:41+00:00,176
21,4800056,1417910753101848578,2021-07-21 18:14:01+00:00,"üü© okex btc-usdt-swap short liquidation: 482 contracts at $32,928.80 - 2021-07-21 18:13:50",,0.0,0.0,1.0,whalecalls,63948.0,1117.0,105.0,2021-07-21 18:14:01+00:00,89
21,9620852,1395890198916046852,2021-05-21 23:52:12+00:00,bitcoin i need you to riseeeee not fall!!!!,,1.0,0.0,2.0,JennyReyess_,21.0,5043.0,39.0,2021-05-21 23:52:12+00:00,43
21,16531881,1363555740225519620,2021-02-21 18:26:36+00:00,it's bought bro,,1.0,0.0,1.0,imHalfwayRight,103.0,1891.0,73.0,2021-02-21 18:26:36+00:00,15
21,16535535,1363543228864208901,2021-02-21 17:36:53+00:00,"as one can only worry about so many things, i forgot to allocate worry to the power grid. aaand of course it's much worse than i imagined. question: when the grid failures get worse &amp; ppl panic hoard cash &amp; tp but my $usd --&gt; um, how do i.. access.. or use....hmm ü§î",['bitcoin'],0.0,0.0,1.0,kluza,319.0,3132.0,1029.0,2021-02-21 17:36:53+00:00,276
21,9677461,1395768645473632257,2021-05-21 15:49:11+00:00,this ones a mining ban from the highest levels of government. major hash rate hit. good news is we won‚Äôt have to hear about how china controls btc or how dirty chinese coal make btc mining pollute the planet anymore.,,1.0,0.0,9.0,kvanderhoek75,378.0,7844.0,428.0,2021-05-21 15:49:11+00:00,216
21,6888030,1406890375722176513,2021-06-21 08:22:58+00:00,"i'm ready, pump it üöÄ",['Bitcoin'],0.0,0.0,0.0,PolkaOG,172.0,3319.0,247.0,2021-06-21 08:22:58+00:00,20
21,4821098,1417838909078204417,2021-07-21 13:28:32+00:00,$btc this is the time to come together and invest in this jewel üíé. $rgbp $bpsr $vxit $kpay $avvh $psco $onph $enzc $ggii $pvdg $hcmc $fbcd $doge $gbhl $fteg $bdgr $pctl $wdlf $coin $gvsi $retc $inct $ftxp $hmbl $eth $btc $ltnc,['SAFEMOON'],0.0,0.0,0.0,Jackmor98705125,3113.0,0.0,1.0,2021-07-21 13:28:32+00:00,226
21,12357701,1384959084894556161,2021-04-21 19:55:51+00:00,"well done, you are 91 on the toplist of crypto &amp; bitcoin influencers.",['CryptoLeaders'],0.0,0.0,0.0,VisitoryGlobal,2186.0,66.0,2273.0,2021-04-21 19:55:51+00:00,73
21,14498424,1373740352541130754,2021-03-21 20:56:37+00:00,i dont take the 5 oclock short still testing the 8 oclock is better or not who knows,['btc'],2.0,1.0,1.0,cryptosendmoney,705.0,1084.0,656.0,2021-03-21 20:56:37+00:00,84
21,745491,1440106653970407428,2021-09-21 00:12:36+00:00,cute bitcoin cat!,,0.0,0.0,0.0,mecfre,2098.0,14036.0,3441.0,2021-09-21 00:12:36+00:00,17
22,9545363,1396149904787968003,2021-05-22 17:04:11+00:00,5 lessons from bitcoin's very bad week,,0.0,0.0,0.0,MdAfzal86234086,13.0,216.0,305.0,2021-05-22 17:04:11+00:00,38
22,637955,1440619870668738563,2021-09-22 10:11:57+00:00,great project,"['ETH', 'KeplerSwap4thRound', 'BTC', 'SDS', 'Airdrop', 'DeFi']",1.0,0.0,0.0,Collins41035848,56.0,484.0,842.0,2021-09-22 10:11:57+00:00,13
22,14432151,1374120408098734084,2021-03-22 22:06:49+00:00,drone the bitcoin mines,,0.0,0.0,2.0,opinion_left,1606.0,229593.0,2165.0,2021-03-22 22:06:49+00:00,23
22,14446262,1374060919601381378,2021-03-22 18:10:26+00:00,"i calculated binance coin could go down 11.19% at most, in the next 24h, dave. $bnb","['Bitcoin', 'Altcoins', 'crypto', 'cryptocurrency', 'blockchain', 'cryptotrading', 'binance', 'bearish', 'sell']",0.0,0.0,0.0,crypto_hal9k,390.0,67.0,60.0,2021-03-22 18:10:26+00:00,83
22,604749,1440763147808247811,2021-09-22 19:41:17+00:00,anyone looking for an nft for their message me. i accept cashapp get your nft to market with help,"['opensea', 'OpenSeaNFT', 'openseanfts', 'BTC', 'ETH', 'cash', 'MKD']",1.0,0.0,0.0,MKD_coin,460.0,18.0,2330.0,2021-09-22 19:41:17+00:00,97
22,9610092,1395931879367446528,2021-05-22 02:37:49+00:00,"this type of narrative is great for bitcoin! lots of interest in solar mining in texas. pressure for sustainability in mining is only good news for the future of crypto. i can really see creating solar giga mining. although misguided, it can only lead to new industries",,0.0,1.0,3.0,Rlop4,10.0,1056.0,121.0,2021-05-22 02:37:49+00:00,269
22,637164,1440624534554492929,2021-09-22 10:30:29+00:00,"- new technical analysis trade with 10% off fees on dydx, the best decentralised derivatives exchange on the market $btc $eth","['XNLUSDT', 'Bitcoin', 'CryptoCurrency', 'Trading', 'TechnicalAnalysis']",1.0,1.0,1.0,MarketChartsApp,1129.0,70.0,100.0,2021-09-22 10:30:29+00:00,125
22,2780809,1429489593993281536,2021-08-22 17:04:12+00:00,üíØüëàüî•üëâ no advice!,"['pundix', 'fx', 'Bitcoin', 'bobphone']",0.0,0.0,2.0,Pak01610kaP,844.0,15550.0,3100.0,2021-08-22 17:04:12+00:00,15
22,12278237,1385324852551245826,2021-04-22 20:09:17+00:00,that account must have changed. i never follow back bitcoin! thanks for the heads up and making us safer!,,0.0,0.0,0.0,yankees1958,15844.0,407982.0,16308.0,2021-04-22 20:09:17+00:00,105
22,2799236,1429370654076383232,2021-08-22 09:11:35+00:00,bitcoin temple,,0.0,0.0,0.0,Rubentopia1,401.0,832.0,914.0,2021-08-22 09:11:35+00:00,14
23,12217569,1385547311678431235,2021-04-23 10:53:15+00:00,let‚Äôs both get some free $$,"['Dogecoins', 'DOGE', 'dogearmy', 'Bitcoin', 'money', 'cryptocurrency']",0.0,0.0,0.0,LillianPosh,857.0,1317.0,2354.0,2021-04-23 10:53:15+00:00,27
23,2711391,1429835850322485253,2021-08-23 16:00:06+00:00,"*top mcap* summary symüèõÔ∏è price$üíµ %1hrüìà %24hrüìà 1Ô∏è‚É£ $btc 49,572.00 +0.06üëç +2.20üëç 2Ô∏è‚É£ $eth 3,313.88 +0.39üëç +3.98üëç 3Ô∏è‚É£ $ada 2.88 +0.86üëç +12.42üî• 4Ô∏è‚É£ $bnb 495.01 +1.14üëç +11.35üî• 5Ô∏è‚É£ $usdt 0.99 -1.03üîª -1.24üîª",,0.0,0.0,0.0,GetStocks,557.0,204.0,0.0,2021-08-23 16:00:06+00:00,199
23,2695061,1429908846303088642,2021-08-23 20:50:10+00:00,"bybit has like 10 times as much volume i don't trust kucoin nearly as much tbh. only thing it offers is more alts but for btc and eth and other large coins, i'd only trade them on bybit.",,1.0,0.0,1.0,TraderKoz,74194.0,49770.0,451.0,2021-08-23 20:50:10+00:00,186
23,9466293,1396463317540122624,2021-05-23 13:49:34+00:00,"when they run , we buy! btc dropping to you 25k...",,1.0,0.0,0.0,NaradaTheGreat,801.0,3636.0,391.0,2021-05-23 13:49:34+00:00,50
23,12229158,1385506143582052352,2021-04-23 08:09:40+00:00,6 days later bitcoin still crashing,,0.0,0.0,1.0,usa_nca_rr,276.0,32371.0,172.0,2021-04-23 08:09:40+00:00,35
23,9410292,1396585315645550596,2021-05-23 21:54:21+00:00,pro tip: find the cheapest token on and hodl tight. clue: it's ( $cofi ) $eth $klv $cvc $enj $doge $ada $kcs $bnb $rdd $dgb $dot $mana $trx $xlm $ocn $luna $dash $atom $ltc $eos $neo $chr $dock $vra $ftm $iotx $mwap $tel $btc,"['alts', 'ai', 'crypto', 'CryptoNews']",0.0,0.0,2.0,AltcoinHolder,1869.0,9805.0,4312.0,2021-05-23 21:54:21+00:00,225
23,14406989,1374281046716518400,2021-03-23 08:45:09+00:00,10% commission discount on every transaction link ‚è¨‚¨áÔ∏è,"['Bitcoin', 'BTC', 'xrp', 'Ripple', 'DOGE', 'Dogecoin', 'ElonMusk', 'etherium', 'Crypto', 'hot', 'XLM', 'BNB', 'Binance', 'Dot', 'ONT', 'RVN', 'link', 'avax', 'ChiliZ', 'tesla', 'unƒ±swap', 'Tether', 'NEO', 'TRON', 'OKEx', 'Coinbase', 'Huobi']",0.0,0.0,0.0,Bitcoindestek0,217.0,7057.0,815.0,2021-03-23 08:45:09+00:00,53
23,14406790,1374282224183427072,2021-03-23 08:49:49+00:00,co-founder of major indian tech company infosys nandan nilekani has urged the government to help msmes access capital using bitcoin....read more:,,0.0,0.0,0.0,webnowcompany,6068.0,4.0,4739.0,2021-03-23 08:49:49+00:00,145
23,6661040,1407670442727510020,2021-06-23 12:02:41+00:00,all part of the government fiat matrix. is the exit door thru our brain and thru our thoughts.,['BITCOIN'],1.0,0.0,1.0,cdcm99,1501.0,17961.0,489.0,2021-06-23 12:02:41+00:00,94
23,9470497,1396455154304626688,2021-05-23 13:17:08+00:00,"positive in crypto dip: * no matter the dollar price, you still own the same amount of coins as before the dip ‚≠ê * the true value of the project have not change because the dollar price drops. crypto is not about what it is, but about what it can become $btc $eth $ada $one",,0.0,4.0,8.0,MadsNie28561248,15.0,1316.0,156.0,2021-05-23 13:17:08+00:00,273
24,14270208,1374818261720821763,2021-03-24 20:19:51+00:00,"great team and awesome project ...your future is bright and beautiful. love it, strive for it and work for it! may success be with you, always. wishing you good luck!","['Cent', 'CeFi', 'BSC', 'DeFi', 'StabelToken']",0.0,1.0,0.0,morsyyyTwet2020,79.0,1888.0,1396.0,2021-03-24 20:19:51+00:00,166
24,488506,1441339807616028680,2021-09-24 09:52:43+00:00,"more fud is coming üëÄ trade safely ! fundamentals are same nothing changes, remember that.","['BTC', 'FUD']",1.0,0.0,2.0,kocabeyhakan,353.0,712.0,927.0,2021-09-24 09:52:43+00:00,89
24,2659146,1430139404073406465,2021-08-24 12:06:19+00:00,"üêãüìà„Äêbuy„Äë btcusdt qtyÔºö$1,906,005Ôºà38.6 btcÔºâüê≥üê≥üê≥ priceÔºö$49,337.48 [12:06:19 utc] on binance futures",,0.0,0.0,3.0,btc_orderalert,25827.0,1.0,2.0,2021-08-24 12:06:19+00:00,94
24,6554842,1408135259863007233,2021-06-24 18:49:42+00:00,1 is not like the other but okay,,1.0,0.0,2.0,MozartXBT,161.0,2230.0,493.0,2021-06-24 18:49:42+00:00,32
24,9300262,1396953660802969601,2021-05-24 22:18:01+00:00,gbp/aud | $gbpaud | $gbp $aud gbpaud retests broken symmetric triangle long or short it with btc on trade8:,,0.0,0.0,0.0,trader_blitz,7285.0,380.0,8.0,2021-05-24 22:18:01+00:00,107
24,4593362,1419059464519360512,2021-07-24 22:18:35+00:00,"tether prints, btc up good no problem. tether doesn't print, btc up = be careful lmao sure buddy",,0.0,0.0,0.0,CG1000x,480.0,1458.0,702.0,2021-07-24 22:18:35+00:00,96
24,14311643,1374714506123870210,2021-03-24 13:27:33+00:00,"nope. definitely not. but keep hodling. or be smart, take profit into alts, and then buy more btc when it's all over.",,1.0,0.0,0.0,JoeyF07,115.0,1413.0,153.0,2021-03-24 13:27:33+00:00,117
24,6551308,1408149697517162497,2021-06-24 19:47:04+00:00,"by watching the video, he doesn‚Äôt explain how he uses bitcoin to pay via bills‚Ä¶ i pay my bills using bank apps every month from m√©xico without using bitcoin to make payments",,4.0,0.0,3.0,elsrtamez,307.0,5316.0,602.0,2021-06-24 19:47:04+00:00,173
24,9306904,1396936336414855169,2021-05-24 21:09:11+00:00,"btc anyone can run a real full node and validate transactions themselves with minimal hardware. true decentralization is about governance. bitcoin has no leaders, marketing group, foundations etc... the protocol can not be changed and the whim of a few.",,2.0,0.0,1.0,megazen66,125.0,8435.0,242.0,2021-05-24 21:09:11+00:00,253
24,9351430,1396825718101889025,2021-05-24 13:49:37+00:00,its time to short btc,,0.0,0.0,0.0,Tabish93223322,4.0,75.0,128.0,2021-05-24 13:49:37+00:00,21
25,14187699,1375116621660962820,2021-03-25 16:05:25+00:00,corrections are like when a roller coaster has to load new riders... you‚Äôve got a little time to settle in and buckle up before the next üìà,['Bitcoin'],0.0,0.0,2.0,knowwhone,5.0,184.0,27.0,2021-03-25 16:05:25+00:00,138
25,2583223,1430515858359549957,2021-08-25 13:02:12+00:00,enjoying with this! play and earn with brawl and have a chance to win 1 üíØ,"['Bitcoin', 'KuCoinFutures', 'BTC']",0.0,0.0,4.0,Mari0nHester,369.0,1530.0,607.0,2021-08-25 13:02:12+00:00,73
25,14184345,1375125309566111758,2021-03-25 16:39:57+00:00,"earn free crypto on exchange. use it to learn how trading works! join the $brg airdrop, and complete easy social tasks to get rewarded. start earning:","['Cryptocurrency', 'LatokenApp', 'LATOKEN', 'Bitcoin']",0.0,0.0,0.0,nnamani_fortune,169.0,23575.0,510.0,2021-03-25 16:39:57+00:00,150
25,9250712,1397157275123474433,2021-05-25 11:47:06+00:00,the penultimate crypto rug of the ogs will be the great $btc to $xmr atomic swappening,,0.0,0.0,5.0,AdLunam9,510.0,11486.0,987.0,2021-05-25 11:47:06+00:00,86
25,4547661,1419381174422626311,2021-07-25 19:36:57+00:00,now we have to break the same resistances in different timezones to be sure sure üêª still trying. let go! london hardfork (eip-1559) in 9 days. market ain't crashing from here expect volatility but enivitably we will be dragged face first towards 40k$ $eth,"['btc', 'block12965000']",0.0,7.0,15.0,GetYaFaceMelted,22499.0,5775.0,1.0,2021-07-25 19:36:57+00:00,255
25,12055470,1386453095287250945,2021-04-25 22:52:31+00:00,tl:dr version of right now üòç,['BTC'],0.0,0.0,0.0,Crypto_Rmn,56.0,2899.0,131.0,2021-04-25 22:52:31+00:00,28
25,6476947,1408478043128025093,2021-06-25 17:31:48+00:00,bitcoin,,0.0,0.0,0.0,mwn019,9.0,316.0,151.0,2021-06-25 17:31:48+00:00,7
25,6498526,1408406214258663432,2021-06-25 12:46:23+00:00,$btc hate to admit it but is the realm in denial ? hope not . smh ü§¶‚Äç‚ôÄÔ∏è,,1.0,0.0,2.0,AnCiEnt63293354,95.0,5650.0,256.0,2021-06-25 12:46:23+00:00,70
25,6496088,1408414336188653569,2021-06-25 13:18:39+00:00,"a very good thread on $btc, strictly from a technical analysis perspective. i think $18k-$20k is ultimately where the bottom is.",,1.0,0.0,9.0,AssetReset,3053.0,44391.0,205.0,2021-06-25 13:18:39+00:00,128
25,397309,1441675198260858885,2021-09-25 08:05:26+00:00,do hell with $btc says $coti,['ALTSEASON'],0.0,0.0,1.0,ChandankarManoj,54.0,872.0,313.0,2021-09-25 08:05:26+00:00,28
26,9129886,1397629934479216641,2021-05-26 19:05:17+00:00,let‚Äôs see some updates mr.elon good sir,['Doge'],0.0,0.0,0.0,dogesnow1,11.0,1388.0,107.0,2021-05-26 19:05:17+00:00,39
26,311024,1442154426014314507,2021-09-26 15:49:43+00:00,is that a ghost buster pack,,0.0,0.0,0.0,BITCOIN_RAIL,1859.0,30860.0,1871.0,2021-09-26 15:49:43+00:00,27
26,4444281,1419741588205539332,2021-07-26 19:29:06+00:00,üíéüôåÔ∏è rip alert - bitcoin $btc ripped by 14.77% since previous close.,,0.0,0.0,0.0,TheDipAlert,903.0,110.0,114.0,2021-07-26 19:29:06+00:00,67
26,6417314,1408787407697231878,2021-06-26 14:01:06+00:00,im still bullish af mate. continues to amaze me in every possible way..!,['Bitcoin'],5.0,3.0,42.0,RD_btc,22367.0,148861.0,1896.0,2021-06-26 14:01:06+00:00,72
26,4531633,1419463339579789314,2021-07-26 01:03:27+00:00,abowww btc nolii,,0.0,0.0,0.0,HilmiBunuSevdik,41.0,27153.0,143.0,2021-07-26 01:03:27+00:00,16
26,4467834,1419671109595717637,2021-07-26 14:49:03+00:00,"everything that goes up, must come down. $btc",,0.0,0.0,0.0,ArThehum,32.0,136.0,221.0,2021-07-26 14:49:03+00:00,45
26,14144178,1375308152199991300,2021-03-26 04:46:30+00:00,"""however, dalio characterized bitcoin as a potential threat to government control of banking and money supply systems, ""because things can get out of control.‚Äù",,0.0,0.0,0.0,MarkMcCarron4,79.0,50.0,60.0,2021-03-26 04:46:30+00:00,159
26,9153923,1397544893954809864,2021-05-26 13:27:22+00:00,first test of support is successful - learn support and resistance.,['bitcoin'],0.0,0.0,5.0,martypartymusic,25550.0,7849.0,18780.0,2021-05-26 13:27:22+00:00,67
26,9116027,1397692237253812224,2021-05-26 23:12:51+00:00,could there not be a lot of bitcoin being bought right because of fud or because it‚Äôs about to do another nosedive? geez to sell or to hold üò≠ $one $vet,['Crypto'],0.0,0.0,0.0,RoyaltySaint21,592.0,3019.0,1395.0,2021-05-26 23:12:51+00:00,151
26,334567,1442037473824030727,2021-09-26 08:05:00+00:00,market is looking bleak at this point. i would love one more push above 43k for a short. but at this point it looks unlikely. ether especially seems to have no strength and maybe the one dragging btc down. chinese exchange tokens taking large hits over the week.,,1.0,0.0,0.0,P_J303,89.0,7450.0,218.0,2021-09-26 08:05:00+00:00,262
27,2449386,1431224745266012160,2021-08-27 11:59:04+00:00,"europa league draw results: napoli, leicester headline group c; leverkusen, celtic, betis meet in group g ‚ñ∂Ô∏è","['Bitcoin', 'Sportsbook']",0.0,1.0,0.0,BetFastcom,11052.0,1719.0,10859.0,2021-08-27 11:59:04+00:00,108
27,4384191,1420042401914269697,2021-07-27 15:24:26+00:00,"if $24m of bitcoin exited institutions, it had to enter somewhere. who bought it? just us plebs? i haven't bought any since 33k ;)",,2.0,0.0,0.0,premitive1,412.0,1461.0,156.0,2021-07-27 15:24:26+00:00,130
27,4414365,1419872499060281348,2021-07-27 04:09:18+00:00,on purchases over $25 at,"['tumblr', 'twitter', 'facebook', 'instagram', 'dogecoin', 'socialmedia', 'deal', 'pinterest', 'doge', 'deal', 'gift', 'gifts', 'giftideas', 'shop', 'shopping', 'affiliatemarketing', 'bitcoin', 'freeshipping', 'Amazon']",0.0,0.0,0.0,bmurphypointman,72356.0,24.0,15447.0,2021-07-27 04:09:18+00:00,24
27,11966263,1386886831434829831,2021-04-27 03:36:02+00:00,ok i will finalize the give away in the next 24 hours if there are no new follows so far everyone whos retweeted is guaranteed a gift,,0.0,0.0,2.0,5xWholeAcc_BTC,31.0,21.0,82.0,2021-04-27 03:36:02+00:00,133
27,4394632,1419998538306670599,2021-07-27 12:30:08+00:00,did you know what bitcoin taproot was? ü§î,,3.0,13.0,28.0,eoracle2,1839.0,0.0,0.0,2021-07-27 12:30:08+00:00,40
27,11950791,1386980359636721665,2021-04-27 09:47:41+00:00,"all 200 cryptocurrency exchanges could be shut down under new regulation in south korea, regulator warns ‚Äì exchanges bitcoin news",,0.0,0.0,0.0,MindfrozenT,615.0,97352.0,5001.0,2021-04-27 09:47:41+00:00,129
27,2418353,1431360962968182784,2021-08-27 21:00:21+00:00,we ready for you to break $52k this weekend--fyi,['BTC'],0.0,0.0,0.0,IamAGrownRINO,35.0,1826.0,189.0,2021-08-27 21:00:21+00:00,48
27,9097363,1397802253529067520,2021-05-27 06:30:01+00:00,xrp/usd | $xrpusd | $xrp $usd xrp $0.44 wyckoff accumulation schematic long or short it with btc on trade8:,,1.0,3.0,4.0,IdeasPrime,6924.0,0.0,0.0,2021-05-27 06:30:01+00:00,107
27,274230,1442368891490115590,2021-09-27 06:01:56+00:00,$btc i hope it breaks the resistance in one go... ü§î,['btc'],1.0,1.0,1.0,CryptoScorpion3,623.0,6421.0,51.0,2021-09-27 06:01:56+00:00,51
27,16037233,1365610992986693635,2021-02-27 10:33:27+00:00,"when gold is falling, it can only mean one thing, $btc is the new gold. buy $btc, $eth, $ada, $dot, $bnb on dips and .",['HOLDL'],1.0,1.0,3.0,amirsadjady,2949.0,27742.0,402.0,2021-02-27 10:33:27+00:00,118
28,2365198,1431712770718896128,2021-08-28 20:18:19+00:00,"seeing on the number 1 spot gives me joy, knowing that $utk is seriously being accepted and supported, only a matter of time before it breaks $1.","['Utrust', 'UTK', 'Bitcoin', 'ETH', 'Blockchain', 'cryptocurrency']",1.0,2.0,24.0,lbmbvbgty135,727.0,4582.0,728.0,2021-08-28 20:18:19+00:00,145
28,173179,1442874663739138049,2021-09-28 15:31:41+00:00,bitcoin whales move ‚Äòrecord‚Äô btc value as metric sounds alarm over price volatility,,0.0,0.0,0.0,GCI_online,121.0,21.0,106.0,2021-09-28 15:31:41+00:00,83
28,11869660,1387414963996745734,2021-04-28 14:34:38+00:00,bullish,"['Bitcoin', 'Facebook', 'FacebookBitcoin', 'Bitcoin', 'Cryptocurrency', 'InstitutionalAdoption']",0.0,0.0,0.0,MyBestLifeAppa1,38.0,612.0,108.0,2021-04-28 14:34:38+00:00,7
28,13987043,1376197431059116034,2021-03-28 15:40:10+00:00,"it is a good question, he acted like a turd, and he is potentially leading a large group of people into financial suicide. what do you think the people who believe him are going to do when bitcoin drop 60%? freak out and wait, then sell the bottom.",,0.0,0.0,0.0,LattLattiam,137.0,12783.0,571.0,2021-03-28 15:40:10+00:00,248
28,14019786,1375964168130543616,2021-03-28 00:13:16+00:00,"??? when i exchange dollars for btc, am i purchasing btc or selling dollars?",,0.0,0.0,0.0,ApeGator,102.0,2071.0,114.0,2021-03-28 00:13:16+00:00,76
28,15949431,1366084212474970112,2021-02-28 17:53:51+00:00,$btc right now üí©,,3.0,0.0,2.0,RufusDugumphry,393.0,8690.0,376.0,2021-02-28 17:53:51+00:00,16
28,203186,1442736545958563841,2021-09-28 06:22:51+00:00,"you dont have to ask robinhood anymore, all token of india donation already convert to stable coin, once bitcoin stable $shib will be growth",,1.0,0.0,0.0,saitabigfans,11.0,101.0,106.0,2021-09-28 06:22:51+00:00,140
28,4326295,1420351185740083203,2021-07-28 11:51:26+00:00,"huobi btc cryptocurrency positive by 35% in the last 7 days (vianews) - huobi btc (hbtc-usd) cryptocurrency is currently on bullish momentum by 35.33% in the last 7 days. at 07:50 est on wednesday,...",,0.0,0.0,0.0,ViaNewsAgency,2458.0,1513.0,4822.0,2021-07-28 11:51:26+00:00,200
28,14015378,1375997843845054466,2021-03-28 02:27:05+00:00,"$chz - strong üí™ bounce around $0.5 - new fto is coming - following vol üëÄ ( fresh vol ) if $btc behaves well, we will fill the gaps üìâüìà","['Chiliz', 'DYOR', 'Bitcoin', 'Binance', 'cryptocurrency']",1.0,1.0,3.0,CryptoSniper24,9463.0,23320.0,1514.0,2021-03-28 02:27:05+00:00,133
28,6255903,1409600973337681923,2021-06-28 19:53:55+00:00,"""alex de vries, a data scientist at the dutch central bank, estimates that each bitcoin transaction requires an average 300 kg of carbon dioxide (co2)‚Äìequivalent to the carbon footprint produced by roughly 750,000 visa swipes.""",,2.0,0.0,0.0,Chrisness,161.0,27079.0,1614.0,2021-06-28 19:53:55+00:00,227
29,4265156,1420673273684062212,2021-07-29 09:11:17+00:00,"this is definitely going to be huge! as the team has been an inspiration in their innovative approaches towards achieving the project goals and visions , i am so glad to be part of this.","['AirdropDetective', 'OpenExhibition', 'Bitcoin']",0.0,0.0,0.0,Ridwans20462175,6.0,98.0,87.0,2021-07-29 09:11:17+00:00,186
29,4246470,1420766353867345920,2021-07-29 15:21:09+00:00,proof the fed doesn't know cause &amp; effect of their actions. they only turn knobs and see what happens. we live in dangerous times. be careful. buy credit to &amp; for screen shot from presentation linked.,['Bitcoin'],0.0,0.0,0.0,lucastos,170.0,1179.0,99.0,2021-07-29 15:21:09+00:00,208
29,6212679,1409834640009924611,2021-06-29 11:22:26+00:00,the eu commissioner at the for europe conference said that they will have to use $fet rated machine learning whether they like it or not looks like will become the industry standard for blockchain in europe and probably beyond bullish af $btc $link $ltc,['Blockchain'],6.0,35.0,107.0,Gemhuntaz,232.0,3928.0,378.0,2021-06-29 11:22:26+00:00,253
29,11794554,1387810252964261890,2021-04-29 16:45:23+00:00,"üêãüìâ„Äêsell„Äë btcusdt qtyÔºö$2,015,679Ôºà37.7 btcÔºâüê≥üê≥üê≥üê≥ priceÔºö$53,333.33 [16:45:23 utc] on binance futures",,0.0,0.0,0.0,btc_orderalert,26067.0,1.0,2.0,2021-04-29 16:45:23+00:00,96
29,8924051,1398622173980418055,2021-05-29 12:48:06+00:00,looking entry for $btc long 33.6k,,0.0,0.0,1.0,CryptoChosenOne,514.0,2919.0,708.0,2021-05-29 12:48:06+00:00,33
29,6172761,1409991431897370624,2021-06-29 21:45:28+00:00,get into bitcoin without volatility: planb,"['bitcoin', 'investing', 'cryptocurrency', 'Blockchain']",0.0,0.0,0.0,PTCWebstar,250.0,4576.0,613.0,2021-06-29 21:45:28+00:00,42
29,122122,1443139360036061184,2021-09-29 09:03:30+00:00,done! btcüçÄ,,0.0,0.0,1.0,OktoMipanBigWin,217.0,18599.0,1492.0,2021-09-29 09:03:30+00:00,10
29,4273664,1420621067849248773,2021-07-29 05:43:51+00:00,the smart money is sold 3000 btc. i think we might go down a little bit,,2.0,0.0,2.0,K87985242,8.0,59.0,18.0,2021-07-29 05:43:51+00:00,71
29,6194302,1409899428484468739,2021-06-29 15:39:53+00:00,let's go to join another great and excellent project,"['cryptocurrency', 'BSC', 'Bitcoin', 'Ethereum', 'ETH', 'Airdrop', 'bounty', 'HANSHU', 'Hanshuinu', 'AirdropStario']",0.0,0.0,0.0,aliardeshiri10,1.0,110.0,101.0,2021-06-29 15:39:53+00:00,52
29,8904041,1398700050834886656,2021-05-29 17:57:33+00:00,if you any send the 1btc on this address..you win the 1btc and 15.28eth..because lauda coin contest is running... btc address 0x0c56f330438a4900197197d05a02beb78df8a213,,7.0,0.0,2.0,VimalKu51890550,11.0,17.0,33.0,2021-05-29 17:57:33+00:00,168
30,6127198,1410247051905011717,2021-06-30 14:41:12+00:00,"""extraordinary claims require extraordinary evidence"" - carl sagan a deep dive into the world of the bitcoin cryptocurrency and the murky attempts by one man to prove to be the creator, known only by their only name of nakamoto",['Satoshi'],1.0,0.0,2.0,afentis,8761.0,3414.0,4383.0,2021-06-30 14:41:12+00:00,227
30,2262185,1432384421894754308,2021-08-30 16:47:13+00:00,trying to get above the ema ribbon on the 4 hour time frame chart,['Bitcoin'],0.0,3.0,6.0,ZaffGeorge,326.0,2288.0,952.0,2021-08-30 16:47:13+00:00,65
30,8875025,1398854354266886146,2021-05-30 04:10:42+00:00,to the moon!! üöÄüåô,"['dogecoin', 'shibainu', 'ada', 'eth', 'BTC', 'vet', 'eos']",0.0,0.0,2.0,cryptos2themoon,7.0,535.0,25.0,2021-05-30 04:10:42+00:00,16
30,4192420,1421092503848095746,2021-07-30 12:57:10+00:00,"those who leave shiba for lack of transparency, you have nothing to do in crypto and you do not understand the concept, do you know that the creator of bitcoin wrote 6 posts before he disappeared 4 ever, and no one knows his name, nor that he is there? educate yourself!",['SHIBARMY'],16.0,63.0,196.0,Dezaxe,7456.0,13716.0,1222.0,2021-07-30 12:57:10+00:00,270
30,4175020,1421181479434981379,2021-07-30 18:50:43+00:00,holding on to if you can‚Äôt afford it do not play i.e. play according to your budget. alt coins or for that matter bitcoin aren‚Äôt assets.,['BTT'],0.0,0.0,0.0,Tristit,48724.0,681.0,1213.0,2021-07-30 18:50:43+00:00,136
30,11732379,1388156562909368326,2021-04-30 15:41:29+00:00,$btc $57.5k inbound,,9.0,4.0,149.0,360_trader,174572.0,76685.0,219.0,2021-04-30 15:41:29+00:00,19
30,13886496,1376754942879404032,2021-03-30 04:35:31+00:00,pack of ancient table utilities two spoons one fork age 100 years üòÇüòÇ. for 1 million $ great offer,"['NFT', 'cryptopunks', 'altcoins', 'Bitcoin', 'values', 'ElonMusk', 'nonfungible', 'usdt', 'chzusdt', 'egypt', 'EVERGIVEN']",0.0,0.0,0.0,AbdelrahmanTmoh,5.0,12.0,92.0,2021-03-30 04:35:31+00:00,97
30,11768337,1387943059858632708,2021-04-30 01:33:06+00:00,üìàpump alert! - rcn/btc on upbit! price increase: 11.11% | volume: +17.25% $rcn $btc get all alerts on üöÄ,"['upbit', 'crypto', 'bitcoin', 'cryptoalerts', 'cointrendz']",0.0,0.0,0.0,CoinTrendz,65273.0,273.0,0.0,2021-04-30 01:33:06+00:00,103
30,13819485,1377027926210797573,2021-03-30 22:40:16+00:00,my first cryptocurrency token was,"['LATOKEN', 'LatokenApp', 'Cryptocurrency', 'EarnOnLatoken', 'Bitcoin']",0.0,0.0,0.0,rebeccaede,3.0,71.0,174.0,2021-03-30 22:40:16+00:00,33
30,4158551,1421252882582626312,2021-07-30 23:34:27+00:00,10 dies en verd!! $btc va fort!,,0.0,0.0,2.0,CryptoEstel,14.0,745.0,204.0,2021-07-30 23:34:27+00:00,31
31,2235250,1432541069435146243,2021-08-31 03:09:40+00:00,btc in 9 frames. nothing out of character and for the nervous nellies brahhhhh!!! hahahahaha,,1.0,0.0,0.0,SalvageBuyer,854.0,7260.0,4999.0,2021-08-31 03:09:40+00:00,92
31,13810409,1377080524351533059,2021-03-31 02:09:16+00:00,"üêãüìâ„Äêsell„Äë btcusdt qtyÔºö$3,635,811Ôºà61.7 btcÔºâüê≥üê≥üê≥üê≥üê≥üê≥üê≥ priceÔºö$58,850 [2:09:16 utc] on binance futures",,0.0,1.0,1.0,btc_orderalert,26085.0,1.0,2.0,2021-03-31 02:09:16+00:00,95
31,13778052,1377247667005308934,2021-03-31 13:13:26+00:00,bitcoin dump | live analysis q&amp;a | my trading plan via,,0.0,0.0,0.0,JustPourTheWine,1199.0,8388.0,2035.0,2021-03-31 13:13:26+00:00,58
31,4107219,1421580332457816068,2021-07-31 21:15:37+00:00,"bullish on btc,ada,matic,eth this weekend. goodnight!",,0.0,0.0,3.0,ZuperLex,495.0,4249.0,433.0,2021-07-31 21:15:37+00:00,53
31,2226991,1432605791647764487,2021-08-31 07:26:51+00:00,the amount is rounded down to the nearest satoshi when the channel is closed and broadcasted to the blockchain to adhere to 's limit. 21 million / 7.8 billion people = 0.00269 /person,"['Bitcoin', 'BTC']",1.0,0.0,0.0,CuredSausage,379.0,48506.0,167.0,2021-08-31 07:26:51+00:00,183
31,2206999,1432712548365778949,2021-08-31 14:31:04+00:00,"üìâüí∂$4,293,569 $btc shorted $47520.0 [31/08/21 14:31:04] üè™ftx | btc-perp üó£Ô∏ègo hard or go home - cryptojunkie18",,0.0,1.0,5.0,WhaleTrades,139748.0,369.0,0.0,2021-08-31 14:31:04+00:00,108
31,4104504,1421597723808174085,2021-07-31 22:24:44+00:00,stock to flow (s2f) üìà bullish indication relative strength index (rsi) üìà bullish indication stochastic rsi (srsi) üìà bullish indication,"['Bitcoin', 'BTC']",1.0,0.0,0.0,CoinIndication,625.0,7.0,2.0,2021-07-31 22:24:44+00:00,134
31,8753842,1399502450030268418,2021-05-31 23:06:00+00:00,autoglyph,"['ethereum', 'bitcoin', 'binance', 'crypto', 'invest', 'solana', 'kusama', 'polkadot', 'SOL', 'FTM', 'DOT', 'KSM', 'BTC', 'ETH']",0.0,1.0,0.0,arel_btc,121.0,153.0,278.0,2021-05-31 23:06:00+00:00,9
31,4141074,1421365200108806147,2021-07-31 07:00:46+00:00,this provision could redefine a coffee shop owner that runs their own node for customer payments as a financial broker with compliance requirements. let that sink in.,['bitcoin'],0.0,0.0,1.0,v4pedro,372.0,958.0,578.0,2021-07-31 07:00:46+00:00,166
31,2183444,1432831121813876736,2021-08-31 22:22:14+00:00,break out for what? btc?? eth??,,0.0,0.0,0.0,Deon32970609,3.0,154.0,52.0,2021-08-31 22:22:14+00:00,31
